Data used for the WHO UNICEF coverage estimates 2024 revision (completed July 2025),,,,,,,,,,,,,
ISO3,surveyNameEnglish,surveyNameProduction,collectBegin,collectEnd,cohortYear,vaccine,evidence,cardsSeen,validity,ageVaccination,ageInterview,coverage,denominator
NGA,Nigeria Demographic and Health Survey (Key Indicators Report) 2023-2024,Nigeria Demographic and Health Survey (Key Indicators Report) 2023-2024,2023-12,2024-04,2022,BCG,Record or Recall,50,CRUDE,0-23 m,12-23 m,66.7,5121
NGA,Nigeria Demographic and Health Survey (Key Indicators Report) 2023-2024,Nigeria Demographic and Health Survey (Key Indicators Report) 2023-2024,2023-12,2024-04,2022,HEPB0,Record or Recall,50,CRUDE,0-23 m,12-23 m,58.1,5121
NGA,Nigeria Demographic and Health Survey (Key Indicators Report) 2023-2024,Nigeria Demographic and Health Survey (Key Indicators Report) 2023-2024,2023-12,2024-04,2022,DTP1,Record or Recall,50,CRUDE,0-23 m,12-23 m,62.9,5121
NGA,Nigeria Demographic and Health Survey (Key Indicators Report) 2023-2024,Nigeria Demographic and Health Survey (Key Indicators Report) 2023-2024,2023-12,2024-04,2022,DTP2,Record or Recall,50,CRUDE,0-23 m,12-23 m,59.8,5121
NGA,Nigeria Demographic and Health Survey (Key Indicators Report) 2023-2024,Nigeria Demographic and Health Survey (Key Indicators Report) 2023-2024,2023-12,2024-04,2022,DTP3,Record or Recall,50,CRUDE,0-23 m,12-23 m,53.4,5121
NGA,Nigeria Demographic and Health Survey (Key Indicators Report) 2023-2024,Nigeria Demographic and Health Survey (Key Indicators Report) 2023-2024,2023-12,2024-04,2022,POL0,Record or Recall,50,CRUDE,0-23 m,12-23 m,56.9,5121
NGA,Nigeria Demographic and Health Survey (Key Indicators Report) 2023-2024,Nigeria Demographic and Health Survey (Key Indicators Report) 2023-2024,2023-12,2024-04,2022,POL1,Record or Recall,50,CRUDE,0-23 m,12-23 m,64.8,5121
NGA,Nigeria Demographic and Health Survey (Key Indicators Report) 2023-2024,Nigeria Demographic and Health Survey (Key Indicators Report) 2023-2024,2023-12,2024-04,2022,POL2,Record or Recall,50,CRUDE,0-23 m,12-23 m,57.9,5121
NGA,Nigeria Demographic and Health Survey (Key Indicators Report) 2023-2024,Nigeria Demographic and Health Survey (Key Indicators Report) 2023-2024,2023-12,2024-04,2022,POL3,Record or Recall,50,CRUDE,0-23 m,12-23 m,45.6,5121
NGA,Nigeria Demographic and Health Survey (Key Indicators Report) 2023-2024,Nigeria Demographic and Health Survey (Key Indicators Report) 2023-2024,2023-12,2024-04,2022,IPV1,Record or Recall,50,CRUDE,0-23 m,12-23 m,55.4,5121
NGA,Nigeria Demographic and Health Survey (Key Indicators Report) 2023-2024,Nigeria Demographic and Health Survey (Key Indicators Report) 2023-2024,2023-12,2024-04,2022,IPV2,Record or Recall,50,CRUDE,0-23 m,12-23 m,43,5121
NGA,Nigeria Demographic and Health Survey (Key Indicators Report) 2023-2024,Nigeria Demographic and Health Survey (Key Indicators Report) 2023-2024,2023-12,2024-04,2022,PCV1,Record or Recall,50,CRUDE,0-23 m,12-23 m,63,5121
NGA,Nigeria Demographic and Health Survey (Key Indicators Report) 2023-2024,Nigeria Demographic and Health Survey (Key Indicators Report) 2023-2024,2023-12,2024-04,2022,PCV2,Record or Recall,50,CRUDE,0-23 m,12-23 m,59.6,5121
NGA,Nigeria Demographic and Health Survey (Key Indicators Report) 2023-2024,Nigeria Demographic and Health Survey (Key Indicators Report) 2023-2024,2023-12,2024-04,2022,PCV3,Record or Recall,50,CRUDE,0-23 m,12-23 m,53.3,5121
NGA,Nigeria Demographic and Health Survey (Key Indicators Report) 2023-2024,Nigeria Demographic and Health Survey (Key Indicators Report) 2023-2024,2023-12,2024-04,2022,ROTA1,Record or Recall,50,CRUDE,0-23 m,12-23 m,55.3,5121
NGA,Nigeria Demographic and Health Survey (Key Indicators Report) 2023-2024,Nigeria Demographic and Health Survey (Key Indicators Report) 2023-2024,2023-12,2024-04,2022,ROTA2,Record or Recall,50,CRUDE,0-23 m,12-23 m,42.3,5121
NGA,Nigeria Demographic and Health Survey (Key Indicators Report) 2023-2024,Nigeria Demographic and Health Survey (Key Indicators Report) 2023-2024,2023-12,2024-04,2022,ROTAC,Record or Recall,50,CRUDE,0-23 m,12-23 m,18.3,5121
NGA,Nigeria Demographic and Health Survey (Key Indicators Report) 2023-2024,Nigeria Demographic and Health Survey (Key Indicators Report) 2023-2024,2023-12,2024-04,2022,MCV1,Record or Recall,50,CRUDE,0-23 m,12-23 m,51.4,5121
NGA,Nigeria Demographic and Health Survey (Key Indicators Report) 2023-2024,Nigeria Demographic and Health Survey (Key Indicators Report) 2023-2024,2023-12,2024-04,2022,YFV,Record or Recall,50,CRUDE,0-23 m,12-23 m,49.4,5121
NGA,Nigeria Demographic and Health Survey (Key Indicators Report) 2023-2024,Nigeria Demographic and Health Survey (Key Indicators Report) 2023-2024,2023-12,2024-04,2022,MENGA,Record or Recall,50,CRUDE,0-23 m,12-23 m,47.5,5121
NGA,Nigeria Demographic and Health Survey (Key Indicators Report) 2023-2024,Nigeria Demographic and Health Survey (Key Indicators Report) 2023-2024,2023-12,2024-04,2022,FULL,Record or Recall,50,CRUDE,0-23 m,12-23 m,39.4,5121
NGA,Nigeria Demographic and Health Survey (Key Indicators Report) 2023-2024,Nigeria Demographic and Health Survey (Key Indicators Report) 2023-2024,2023-12,2024-04,2022,FULL <1 YEAR,Record or Recall<12m,50,CRUDE,0-12 m,12-23 m,19.8,5121
NGA,Nigeria Demographic and Health Survey (Key Indicators Report) 2023-2024,Nigeria Demographic and Health Survey (Key Indicators Report) 2023-2024,2023-12,2024-04,2022,MCV2,Record or Recall,34.4,CRUDE,0-35 m,24-35 m,30.3,4680
NGA,Nigeria Demographic and Health Survey (Key Indicators Report) 2023-2024,Nigeria Demographic and Health Survey (Key Indicators Report) 2023-2024,2023-12,2024-04,2021,FULL <1 YEAR,Record or Recall<12m,34.4,CRUDE,0-12 m,24-35 m,11.2,4680
NGA,Nigeria Demographic and Health Survey (Key Indicators Report) 2023-2024,Nigeria Demographic and Health Survey (Key Indicators Report) 2023-2024,2023-12,2024-04,2022,HIB1,Record or Recall,50,CRUDE,0-23 m,12-23 m,62.9,5121
NGA,Nigeria Demographic and Health Survey (Key Indicators Report) 2023-2024,Nigeria Demographic and Health Survey (Key Indicators Report) 2023-2024,2023-12,2024-04,2022,HIB2,Record or Recall,50,CRUDE,0-23 m,12-23 m,59.8,5121
NGA,Nigeria Demographic and Health Survey (Key Indicators Report) 2023-2024,Nigeria Demographic and Health Survey (Key Indicators Report) 2023-2024,2023-12,2024-04,2022,HIB3,Record or Recall,50,CRUDE,0-23 m,12-23 m,53.4,5121
NGA,Nigeria Demographic and Health Survey (Key Indicators Report) 2023-2024,Nigeria Demographic and Health Survey (Key Indicators Report) 2023-2024,2023-12,2024-04,2022,HEPB1,Record or Recall,50,CRUDE,0-23 m,12-23 m,62.9,5121
NGA,Nigeria Demographic and Health Survey (Key Indicators Report) 2023-2024,Nigeria Demographic and Health Survey (Key Indicators Report) 2023-2024,2023-12,2024-04,2022,HEPB2,Record or Recall,50,CRUDE,0-23 m,12-23 m,59.8,5121
NGA,Nigeria Demographic and Health Survey (Key Indicators Report) 2023-2024,Nigeria Demographic and Health Survey (Key Indicators Report) 2023-2024,2023-12,2024-04,2022,HEPB3,Record or Recall,50,CRUDE,0-23 m,12-23 m,53.4,5121
NGA,Nigeria Demographic and Health Survey (Key Indicators Report) 2023-2024,Nigeria Demographic and Health Survey (Key Indicators Report) 2023-2024,2023-12,2024-04,2022,PAB,Record or Recall,,CRUDE,,CBAW,58.3,10948
NGA,"Nigeria Demographic and Health Survey  1999, 2000","Nigeria Demographic and Health Survey  1999, 2000",1999-03,1999-05,1998,BCG,Record or Recall<12m,,CRUDE,0-12 m,12-23 m,52,1161
NGA,"Nigeria Demographic and Health Survey  1999, 2000","Nigeria Demographic and Health Survey  1999, 2000",1999-03,1999-05,1998,BCG,Record,,CRUDE,0-23 m,12-23 m,18.7,1161
NGA,"Nigeria Demographic and Health Survey  1999, 2000","Nigeria Demographic and Health Survey  1999, 2000",1999-03,1999-05,1998,BCG,Record or Recall,,CRUDE,0-23 m,12-23 m,53.8,1161
NGA,"Nigeria Demographic and Health Survey  1999, 2000","Nigeria Demographic and Health Survey  1999, 2000",1999-03,1999-05,1998,BCG,Recall,,CRUDE,0-23 m,12-23 m,35.1,1161
NGA,"Nigeria Demographic and Health Survey  1999, 2000","Nigeria Demographic and Health Survey  1999, 2000",1999-03,1999-05,1998,DTP1,Record or Recall<12m,,CRUDE,0-12 m,12-23 m,45.7,1161
NGA,"Nigeria Demographic and Health Survey  1999, 2000","Nigeria Demographic and Health Survey  1999, 2000",1999-03,1999-05,1998,DTP1,Record,,CRUDE,0-23 m,12-23 m,16.4,1161
NGA,"Nigeria Demographic and Health Survey  1999, 2000","Nigeria Demographic and Health Survey  1999, 2000",1999-03,1999-05,1998,DTP1,Record or Recall,,CRUDE,0-23 m,12-23 m,47.4,1161
NGA,"Nigeria Demographic and Health Survey  1999, 2000","Nigeria Demographic and Health Survey  1999, 2000",1999-03,1999-05,1998,DTP1,Recall,,CRUDE,0-23 m,12-23 m,31,1161
NGA,"Nigeria Demographic and Health Survey  1999, 2000","Nigeria Demographic and Health Survey  1999, 2000",1999-03,1999-05,1998,DTP3,Record or Recall<12m,,CRUDE,0-12 m,12-23 m,24.8,1161
NGA,"Nigeria Demographic and Health Survey  1999, 2000","Nigeria Demographic and Health Survey  1999, 2000",1999-03,1999-05,1998,DTP3,Record,,CRUDE,0-23 m,12-23 m,10.6,1161
NGA,"Nigeria Demographic and Health Survey  1999, 2000","Nigeria Demographic and Health Survey  1999, 2000",1999-03,1999-05,1998,DTP3,Record or Recall,,CRUDE,0-23 m,12-23 m,26.3,1161
NGA,"Nigeria Demographic and Health Survey  1999, 2000","Nigeria Demographic and Health Survey  1999, 2000",1999-03,1999-05,1998,DTP3,Recall,,CRUDE,0-23 m,12-23 m,15.7,1161
NGA,"Nigeria Demographic and Health Survey  1999, 2000","Nigeria Demographic and Health Survey  1999, 2000",1999-03,1999-05,1998,FULL,Record or Recall<12m,,CRUDE,0-12 m,12-23 m,14.3,1161
NGA,"Nigeria Demographic and Health Survey  1999, 2000","Nigeria Demographic and Health Survey  1999, 2000",1999-03,1999-05,1998,FULL,Record,,CRUDE,0-23 m,12-23 m,7.7,1161
NGA,"Nigeria Demographic and Health Survey  1999, 2000","Nigeria Demographic and Health Survey  1999, 2000",1999-03,1999-05,1998,FULL,Record or Recall,,CRUDE,0-23 m,12-23 m,16.8,1161
NGA,"Nigeria Demographic and Health Survey  1999, 2000","Nigeria Demographic and Health Survey  1999, 2000",1999-03,1999-05,1998,FULL,Recall,,CRUDE,0-23 m,12-23 m,9,1161
NGA,"Nigeria Demographic and Health Survey  1999, 2000","Nigeria Demographic and Health Survey  1999, 2000",1999-03,1999-05,1998,MCV1,Record or Recall<12m,,CRUDE,0-12 m,12-23 m,32.1,1161
NGA,"Nigeria Demographic and Health Survey  1999, 2000","Nigeria Demographic and Health Survey  1999, 2000",1999-03,1999-05,1998,MCV1,Record,,CRUDE,0-23 m,12-23 m,13.1,1161
NGA,"Nigeria Demographic and Health Survey  1999, 2000","Nigeria Demographic and Health Survey  1999, 2000",1999-03,1999-05,1998,MCV1,Record or Recall,,CRUDE,0-23 m,12-23 m,40.5,1161
NGA,"Nigeria Demographic and Health Survey  1999, 2000","Nigeria Demographic and Health Survey  1999, 2000",1999-03,1999-05,1998,MCV1,Recall,,CRUDE,0-23 m,12-23 m,27.4,1161
NGA,"Nigeria Demographic and Health Survey  1999, 2000","Nigeria Demographic and Health Survey  1999, 2000",1999-03,1999-05,1998,POL1,Record or Recall<12m,,CRUDE,0-12 m,12-23 m,54.3,1161
NGA,"Nigeria Demographic and Health Survey  1999, 2000","Nigeria Demographic and Health Survey  1999, 2000",1999-03,1999-05,1998,POL1,Record,,CRUDE,0-23 m,12-23 m,17.5,1161
NGA,"Nigeria Demographic and Health Survey  1999, 2000","Nigeria Demographic and Health Survey  1999, 2000",1999-03,1999-05,1998,POL1,Record or Recall,,CRUDE,0-23 m,12-23 m,56.8,1161
NGA,"Nigeria Demographic and Health Survey  1999, 2000","Nigeria Demographic and Health Survey  1999, 2000",1999-03,1999-05,1998,POL1,Recall,,CRUDE,0-23 m,12-23 m,39.2,1161
NGA,"Nigeria Demographic and Health Survey  1999, 2000","Nigeria Demographic and Health Survey  1999, 2000",1999-03,1999-05,1998,POL3,Record or Recall<12m,,CRUDE,0-12 m,12-23 m,23,1161
NGA,"Nigeria Demographic and Health Survey  1999, 2000","Nigeria Demographic and Health Survey  1999, 2000",1999-03,1999-05,1998,POL3,Record,,CRUDE,0-23 m,12-23 m,10,1161
NGA,"Nigeria Demographic and Health Survey  1999, 2000","Nigeria Demographic and Health Survey  1999, 2000",1999-03,1999-05,1998,POL3,Record or Recall,,CRUDE,0-23 m,12-23 m,24.8,1161
NGA,"Nigeria Demographic and Health Survey  1999, 2000","Nigeria Demographic and Health Survey  1999, 2000",1999-03,1999-05,1998,POL3,Recall,,CRUDE,0-23 m,12-23 m,14.8,1161
NGA,"Nigeria Demographic and Health Survey  1999, 2000","Nigeria Demographic and Health Survey  1999, 2000",1999-03,1999-05,1998,TT2+,Record or Recall,,CRUDE,,CBAW,44.3,3547
NGA,Nigeria Demographic and Health Survey 2003,Nigeria Demographic and Health Survey 2003,2003-03,2003-08,2002,BCG,Record or Recall<12m,21.3,CRUDE,0-12 m,12-23 m,46.9,999
NGA,Nigeria Demographic and Health Survey 2003,Nigeria Demographic and Health Survey 2003,2003-03,2003-08,2002,BCG,Record,21.3,CRUDE,0-23 m,12-23 m,20.2,999
NGA,Nigeria Demographic and Health Survey 2003,Nigeria Demographic and Health Survey 2003,2003-03,2003-08,2002,BCG,Record or Recall,21.3,CRUDE,0-23 m,12-23 m,48.3,999
NGA,Nigeria Demographic and Health Survey 2003,Nigeria Demographic and Health Survey 2003,2003-03,2003-08,2002,BCG,Recall,21.3,CRUDE,0-23 m,12-23 m,28.1,999
NGA,Nigeria Demographic and Health Survey 2003,Nigeria Demographic and Health Survey 2003,2003-03,2003-08,2002,DTP1,Record or Recall<12m,21.3,CRUDE,0-12 m,12-23 m,38.7,999
NGA,Nigeria Demographic and Health Survey 2003,Nigeria Demographic and Health Survey 2003,2003-03,2003-08,2002,DTP1,Record,21.3,CRUDE,0-23 m,12-23 m,18,999
NGA,Nigeria Demographic and Health Survey 2003,Nigeria Demographic and Health Survey 2003,2003-03,2003-08,2002,DTP1,Record or Recall,21.3,CRUDE,0-23 m,12-23 m,42.6,999
NGA,Nigeria Demographic and Health Survey 2003,Nigeria Demographic and Health Survey 2003,2003-03,2003-08,2002,DTP1,Recall,21.3,CRUDE,0-23 m,12-23 m,24.6,999
NGA,Nigeria Demographic and Health Survey 2003,Nigeria Demographic and Health Survey 2003,2003-03,2003-08,2002,DTP3,Record or Recall<12m,21.3,CRUDE,0-12 m,12-23 m,20.1,999
NGA,Nigeria Demographic and Health Survey 2003,Nigeria Demographic and Health Survey 2003,2003-03,2003-08,2002,DTP3,Record,21.3,CRUDE,0-23 m,12-23 m,10.4,999
NGA,Nigeria Demographic and Health Survey 2003,Nigeria Demographic and Health Survey 2003,2003-03,2003-08,2002,DTP3,Record or Recall,21.3,CRUDE,0-23 m,12-23 m,21.4,999
NGA,Nigeria Demographic and Health Survey 2003,Nigeria Demographic and Health Survey 2003,2003-03,2003-08,2002,DTP3,Recall,21.3,CRUDE,0-23 m,12-23 m,11,999
NGA,Nigeria Demographic and Health Survey 2003,Nigeria Demographic and Health Survey 2003,2003-03,2003-08,2002,FULL,Record or Recall<12m,21.3,CRUDE,0-12 m,12-23 m,11.3,999
NGA,Nigeria Demographic and Health Survey 2003,Nigeria Demographic and Health Survey 2003,2003-03,2003-08,2002,FULL,Record,21.3,CRUDE,0-23 m,12-23 m,8.3,999
NGA,Nigeria Demographic and Health Survey 2003,Nigeria Demographic and Health Survey 2003,2003-03,2003-08,2002,FULL,Record or Recall,21.3,CRUDE,0-23 m,12-23 m,12.9,999
NGA,Nigeria Demographic and Health Survey 2003,Nigeria Demographic and Health Survey 2003,2003-03,2003-08,2002,FULL,Recall,21.3,CRUDE,0-23 m,12-23 m,4.7,999
NGA,Nigeria Demographic and Health Survey 2003,Nigeria Demographic and Health Survey 2003,2003-03,2003-08,2002,MCV1,Record or Recall<12m,21.3,CRUDE,0-12 m,12-23 m,31.4,999
NGA,Nigeria Demographic and Health Survey 2003,Nigeria Demographic and Health Survey 2003,2003-03,2003-08,2002,MCV1,Record,21.3,CRUDE,0-23 m,12-23 m,13.5,999
NGA,Nigeria Demographic and Health Survey 2003,Nigeria Demographic and Health Survey 2003,2003-03,2003-08,2002,MCV1,Record or Recall,21.3,CRUDE,0-23 m,12-23 m,35.9,999
NGA,Nigeria Demographic and Health Survey 2003,Nigeria Demographic and Health Survey 2003,2003-03,2003-08,2002,MCV1,Recall,21.3,CRUDE,0-23 m,12-23 m,22.4,999
NGA,Nigeria Demographic and Health Survey 2003,Nigeria Demographic and Health Survey 2003,2003-03,2003-08,2002,POL1,Record or Recall<12m,21.3,CRUDE,0-12 m,12-23 m,63.7,999
NGA,Nigeria Demographic and Health Survey 2003,Nigeria Demographic and Health Survey 2003,2003-03,2003-08,2002,POL1,Record,21.3,CRUDE,0-23 m,12-23 m,17.8,999
NGA,Nigeria Demographic and Health Survey 2003,Nigeria Demographic and Health Survey 2003,2003-03,2003-08,2002,POL1,Record or Recall,21.3,CRUDE,0-23 m,12-23 m,67.2,999
NGA,Nigeria Demographic and Health Survey 2003,Nigeria Demographic and Health Survey 2003,2003-03,2003-08,2002,POL1,Recall,21.3,CRUDE,0-23 m,12-23 m,49.4,999
NGA,Nigeria Demographic and Health Survey 2003,Nigeria Demographic and Health Survey 2003,2003-03,2003-08,2002,POL3,Record or Recall<12m,21.3,CRUDE,0-12 m,12-23 m,26.8,999
NGA,Nigeria Demographic and Health Survey 2003,Nigeria Demographic and Health Survey 2003,2003-03,2003-08,2002,POL3,Record,21.3,CRUDE,0-23 m,12-23 m,10.7,999
NGA,Nigeria Demographic and Health Survey 2003,Nigeria Demographic and Health Survey 2003,2003-03,2003-08,2002,POL3,Record or Recall,21.3,CRUDE,0-23 m,12-23 m,29.4,999
NGA,Nigeria Demographic and Health Survey 2003,Nigeria Demographic and Health Survey 2003,2003-03,2003-08,2002,POL3,Recall,21.3,CRUDE,0-23 m,12-23 m,18.7,999
NGA,Nigeria Demographic and Health Survey 2003,Nigeria Demographic and Health Survey 2003,2003-03,2003-08,2002,TT2+,Record or Recall,,CRUDE,,CBAW,40.2,
NGA,Nigeria National Immunization Coverage Survey 2003,Nigeria National Immunization Coverage Survey 2003,2003-98,2003-98,2002,BCG,Record or Recall,28.4,CRUDE,0-23 m,12-23 m,29.3,40777
NGA,Nigeria National Immunization Coverage Survey 2003,Nigeria National Immunization Coverage Survey 2003,2003-98,2003-98,2002,DTP1,Record or Recall,28.4,CRUDE,0-23 m,12-23 m,43.2,40777
NGA,Nigeria National Immunization Coverage Survey 2003,Nigeria National Immunization Coverage Survey 2003,2003-98,2003-98,2002,DTP3,Record or Recall,28.4,CRUDE,0-23 m,12-23 m,24.8,40777
NGA,Nigeria National Immunization Coverage Survey 2003,Nigeria National Immunization Coverage Survey 2003,2003-98,2003-98,2002,FULL,Record or Recall,28.4,CRUDE,0-23 m,12-23 m,16.2,40777
NGA,Nigeria National Immunization Coverage Survey 2003,Nigeria National Immunization Coverage Survey 2003,2003-98,2003-98,2002,MCV1,Record or Recall,28.4,CRUDE,0-23 m,12-23 m,25.3,40777
NGA,Nigeria National Immunization Coverage Survey 2003,Nigeria National Immunization Coverage Survey 2003,2003-98,2003-98,2002,PAB,Record or Recall,,CRUDE,,CBAW,7.1,40777
NGA,Nigeria National Immunization Coverage Survey 2003,Nigeria National Immunization Coverage Survey 2003,2003-98,2003-98,2002,POL1,Record or Recall,28.4,CRUDE,0-23 m,12-23 m,63,40777
NGA,Nigeria National Immunization Coverage Survey 2003,Nigeria National Immunization Coverage Survey 2003,2003-98,2003-98,2002,POL3,Record or Recall,28.4,CRUDE,0-23 m,12-23 m,38.6,40777
NGA,Nigeria National Immunization Coverage Survey (2006),Nigeria National Immunization Coverage Survey (2006),2006-10,2006-10,2005,BCG,Record,49.5,CRUDE,0-23 m,12-23 m,54.5,23414
NGA,Nigeria National Immunization Coverage Survey (2006),Nigeria National Immunization Coverage Survey (2006),2006-10,2006-10,2005,BCG,Record or Recall,49.5,CRUDE,0-23 m,12-23 m,68.6,23414
NGA,Nigeria National Immunization Coverage Survey (2006),Nigeria National Immunization Coverage Survey (2006),2006-10,2006-10,2005,DTP1,Record,49.5,CRUDE,0-23 m,12-23 m,36.1,23414
NGA,Nigeria National Immunization Coverage Survey (2006),Nigeria National Immunization Coverage Survey (2006),2006-10,2006-10,2005,DTP1,Record or Recall,49.5,CRUDE,0-23 m,12-23 m,71.7,23414
NGA,Nigeria National Immunization Coverage Survey (2006),Nigeria National Immunization Coverage Survey (2006),2006-10,2006-10,2005,DTP3,Record,49.5,CRUDE,0-23 m,12-23 m,25.7,23414
NGA,Nigeria National Immunization Coverage Survey (2006),Nigeria National Immunization Coverage Survey (2006),2006-10,2006-10,2005,DTP3,Record or Recall,49.5,CRUDE,0-23 m,12-23 m,53.5,23414
NGA,Nigeria National Immunization Coverage Survey (2006),Nigeria National Immunization Coverage Survey (2006),2006-10,2006-10,2005,FULL,Record,49.5,CRUDE,0-23 m,12-23 m,17.8,23414
NGA,Nigeria National Immunization Coverage Survey (2006),Nigeria National Immunization Coverage Survey (2006),2006-10,2006-10,2005,FULL,Record or Recall,49.5,CRUDE,0-23 m,12-23 m,42.2,23414
NGA,Nigeria National Immunization Coverage Survey (2006),Nigeria National Immunization Coverage Survey (2006),2006-10,2006-10,2005,HEPB1,Record,49.5,CRUDE,0-23 m,12-23 m,29.6,23414
NGA,Nigeria National Immunization Coverage Survey (2006),Nigeria National Immunization Coverage Survey (2006),2006-10,2006-10,2005,HEPB1,Record or Recall,49.5,CRUDE,0-23 m,12-23 m,56,23414
NGA,Nigeria National Immunization Coverage Survey (2006),Nigeria National Immunization Coverage Survey (2006),2006-10,2006-10,2005,HEPB3,Record,49.5,CRUDE,0-23 m,12-23 m,19.5,23414
NGA,Nigeria National Immunization Coverage Survey (2006),Nigeria National Immunization Coverage Survey (2006),2006-10,2006-10,2005,HEPB3,Record or Recall,49.5,CRUDE,0-23 m,12-23 m,41.2,23414
NGA,Nigeria National Immunization Coverage Survey (2006),Nigeria National Immunization Coverage Survey (2006),2006-10,2006-10,2005,MCV1,Record,49.5,CRUDE,0-23 m,12-23 m,25.8,23414
NGA,Nigeria National Immunization Coverage Survey (2006),Nigeria National Immunization Coverage Survey (2006),2006-10,2006-10,2005,MCV1,Record or Recall,49.5,CRUDE,0-23 m,12-23 m,62.4,23414
NGA,Nigeria National Immunization Coverage Survey (2006),Nigeria National Immunization Coverage Survey (2006),2006-10,2006-10,2005,POL1,Record,49.5,CRUDE,0-23 m,12-23 m,31.7,23414
NGA,Nigeria National Immunization Coverage Survey (2006),Nigeria National Immunization Coverage Survey (2006),2006-10,2006-10,2005,POL1,Record or Recall,49.5,CRUDE,0-23 m,12-23 m,78.5,23414
NGA,Nigeria National Immunization Coverage Survey (2006),Nigeria National Immunization Coverage Survey (2006),2006-10,2006-10,2005,POL3,Record,49.5,CRUDE,0-23 m,12-23 m,22,23414
NGA,Nigeria National Immunization Coverage Survey (2006),Nigeria National Immunization Coverage Survey (2006),2006-10,2006-10,2005,POL3,Record or Recall,49.5,CRUDE,0-23 m,12-23 m,60.7,23414
NGA,Nigeria National Immunization Coverage Survey (2006),Nigeria National Immunization Coverage Survey (2006),2006-10,2006-10,2005,TT2+,Record or Recall,49.5,CRUDE,0-23 m,12-23 m,7,
NGA,Nigeria National Immunization Coverage Survey (2006),Nigeria National Immunization Coverage Survey (2006),2006-10,2006-10,2005,YFV,Record,49.5,CRUDE,0-23 m,12-23 m,20.3,23414
NGA,Nigeria National Immunization Coverage Survey (2006),Nigeria National Immunization Coverage Survey (2006),2006-10,2006-10,2005,YFV,Record or Recall,49.5,CRUDE,0-23 m,12-23 m,42.9,23414
NGA,Nigeria Multiple Indicator Cluster Survey 2007,Nigeria Multiple Indicator Cluster Survey 2007,2007-03,2007-04,2006,BCG,Record or Recall<12m,18.2,CRUDE,0-12 m,12-23 m,50.5,3187
NGA,Nigeria Multiple Indicator Cluster Survey 2007,Nigeria Multiple Indicator Cluster Survey 2007,2007-03,2007-04,2006,BCG,Record,18.2,CRUDE,0-23 m,12-23 m,16.9,3187
NGA,Nigeria Multiple Indicator Cluster Survey 2007,Nigeria Multiple Indicator Cluster Survey 2007,2007-03,2007-04,2006,BCG,Record or Recall,18.2,CRUDE,0-23 m,12-23 m,51.5,3187
NGA,Nigeria Multiple Indicator Cluster Survey 2007,Nigeria Multiple Indicator Cluster Survey 2007,2007-03,2007-04,2006,BCG,Recall,18.2,CRUDE,0-23 m,12-23 m,34.6,3187
NGA,Nigeria Multiple Indicator Cluster Survey 2007,Nigeria Multiple Indicator Cluster Survey 2007,2007-03,2007-04,2006,DTP1,Record or Recall<12m,18.2,CRUDE,0-12 m,12-23 m,46.4,3187
NGA,Nigeria Multiple Indicator Cluster Survey 2007,Nigeria Multiple Indicator Cluster Survey 2007,2007-03,2007-04,2006,DTP1,Record,18.2,CRUDE,0-23 m,12-23 m,17,3187
NGA,Nigeria Multiple Indicator Cluster Survey 2007,Nigeria Multiple Indicator Cluster Survey 2007,2007-03,2007-04,2006,DTP1,Record or Recall,18.2,CRUDE,0-23 m,12-23 m,48.6,3187
NGA,Nigeria Multiple Indicator Cluster Survey 2007,Nigeria Multiple Indicator Cluster Survey 2007,2007-03,2007-04,2006,DTP1,Recall,18.2,CRUDE,0-23 m,12-23 m,31.6,3187
NGA,Nigeria Multiple Indicator Cluster Survey 2007,Nigeria Multiple Indicator Cluster Survey 2007,2007-03,2007-04,2006,DTP3,Record or Recall<12m,18.2,CRUDE,0-12 m,12-23 m,28.1,3187
NGA,Nigeria Multiple Indicator Cluster Survey 2007,Nigeria Multiple Indicator Cluster Survey 2007,2007-03,2007-04,2006,DTP3,Record,18.2,CRUDE,0-23 m,12-23 m,14.1,3187
NGA,Nigeria Multiple Indicator Cluster Survey 2007,Nigeria Multiple Indicator Cluster Survey 2007,2007-03,2007-04,2006,DTP3,Record or Recall,18.2,CRUDE,0-23 m,12-23 m,29.6,3187
NGA,Nigeria Multiple Indicator Cluster Survey 2007,Nigeria Multiple Indicator Cluster Survey 2007,2007-03,2007-04,2006,DTP3,Recall,18.2,CRUDE,0-23 m,12-23 m,15.6,3187
NGA,Nigeria Multiple Indicator Cluster Survey 2007,Nigeria Multiple Indicator Cluster Survey 2007,2007-03,2007-04,2006,FULL,Record or Recall<12m,18.2,CRUDE,0-12 m,12-23 m,10.9,3187
NGA,Nigeria Multiple Indicator Cluster Survey 2007,Nigeria Multiple Indicator Cluster Survey 2007,2007-03,2007-04,2006,FULL,Record,18.2,CRUDE,0-23 m,12-23 m,11.5,3187
NGA,Nigeria Multiple Indicator Cluster Survey 2007,Nigeria Multiple Indicator Cluster Survey 2007,2007-03,2007-04,2006,FULL,Record or Recall,18.2,CRUDE,0-23 m,12-23 m,16.4,3187
NGA,Nigeria Multiple Indicator Cluster Survey 2007,Nigeria Multiple Indicator Cluster Survey 2007,2007-03,2007-04,2006,FULL,Recall,18.2,CRUDE,0-23 m,12-23 m,5,3187
NGA,Nigeria Multiple Indicator Cluster Survey 2007,Nigeria Multiple Indicator Cluster Survey 2007,2007-03,2007-04,2006,MCV1,Record or Recall<12m,18.2,CRUDE,0-12 m,12-23 m,38.3,3187
NGA,Nigeria Multiple Indicator Cluster Survey 2007,Nigeria Multiple Indicator Cluster Survey 2007,2007-03,2007-04,2006,MCV1,Record,18.2,CRUDE,0-23 m,12-23 m,13.9,3187
NGA,Nigeria Multiple Indicator Cluster Survey 2007,Nigeria Multiple Indicator Cluster Survey 2007,2007-03,2007-04,2006,MCV1,Record or Recall,18.2,CRUDE,0-23 m,12-23 m,44,3187
NGA,Nigeria Multiple Indicator Cluster Survey 2007,Nigeria Multiple Indicator Cluster Survey 2007,2007-03,2007-04,2006,MCV1,Recall,18.2,CRUDE,0-23 m,12-23 m,30.1,3187
NGA,Nigeria Multiple Indicator Cluster Survey 2007,Nigeria Multiple Indicator Cluster Survey 2007,2007-03,2007-04,2006,PAB,NOT USED,,CRUDE,,CBAW,50.8,6427
NGA,Nigeria Multiple Indicator Cluster Survey 2007,Nigeria Multiple Indicator Cluster Survey 2007,2007-03,2007-04,2006,POL1,Record or Recall<12m,18.2,CRUDE,0-12 m,12-23 m,52.5,3187
NGA,Nigeria Multiple Indicator Cluster Survey 2007,Nigeria Multiple Indicator Cluster Survey 2007,2007-03,2007-04,2006,POL1,Record,18.2,CRUDE,0-23 m,12-23 m,15.6,3187
NGA,Nigeria Multiple Indicator Cluster Survey 2007,Nigeria Multiple Indicator Cluster Survey 2007,2007-03,2007-04,2006,POL1,Record or Recall,18.2,CRUDE,0-23 m,12-23 m,55.6,3187
NGA,Nigeria Multiple Indicator Cluster Survey 2007,Nigeria Multiple Indicator Cluster Survey 2007,2007-03,2007-04,2006,POL1,Recall,18.2,CRUDE,0-23 m,12-23 m,39.9,3187
NGA,Nigeria Multiple Indicator Cluster Survey 2007,Nigeria Multiple Indicator Cluster Survey 2007,2007-03,2007-04,2006,POL3,Record or Recall<12m,18.2,CRUDE,0-12 m,12-23 m,27.5,3187
NGA,Nigeria Multiple Indicator Cluster Survey 2007,Nigeria Multiple Indicator Cluster Survey 2007,2007-03,2007-04,2006,POL3,Record,18.2,CRUDE,0-23 m,12-23 m,12.9,3187
NGA,Nigeria Multiple Indicator Cluster Survey 2007,Nigeria Multiple Indicator Cluster Survey 2007,2007-03,2007-04,2006,POL3,Record or Recall,18.2,CRUDE,0-23 m,12-23 m,29.4,3187
NGA,Nigeria Multiple Indicator Cluster Survey 2007,Nigeria Multiple Indicator Cluster Survey 2007,2007-03,2007-04,2006,POL3,Recall,18.2,CRUDE,0-23 m,12-23 m,16.5,3187
NGA,Nigeria Multiple Indicator Cluster Survey 2007,Nigeria Multiple Indicator Cluster Survey 2007,2007-03,2007-04,2006,TT2+,NOT USED,,CRUDE,,CBAW,47.2,6427
NGA,Nigeria Demographic and Health Survey 2008,Nigeria Demographic and Health Survey 2008,2008-06,2008-10,2007,BCG,Record or Recall<12m,26.1,CRUDE,0-12 m,12-23 m,47.9,4945
NGA,Nigeria Demographic and Health Survey 2008,Nigeria Demographic and Health Survey 2008,2008-06,2008-10,2007,BCG,Record,26.1,CRUDE,0-23 m,12-23 m,23.7,4945
NGA,Nigeria Demographic and Health Survey 2008,Nigeria Demographic and Health Survey 2008,2008-06,2008-10,2007,BCG,Record or Recall,26.1,CRUDE,0-23 m,12-23 m,49.7,4945
NGA,Nigeria Demographic and Health Survey 2008,Nigeria Demographic and Health Survey 2008,2008-06,2008-10,2007,BCG,Recall,26.1,CRUDE,0-23 m,12-23 m,25.9,4945
NGA,Nigeria Demographic and Health Survey 2008,Nigeria Demographic and Health Survey 2008,2008-06,2008-10,2007,DTP1,Record or Recall<12m,26.1,CRUDE,0-12 m,12-23 m,49.4,4945
NGA,Nigeria Demographic and Health Survey 2008,Nigeria Demographic and Health Survey 2008,2008-06,2008-10,2007,DTP1,Record,26.1,CRUDE,0-23 m,12-23 m,24.9,4945
NGA,Nigeria Demographic and Health Survey 2008,Nigeria Demographic and Health Survey 2008,2008-06,2008-10,2007,DTP1,Record or Recall,26.1,CRUDE,0-23 m,12-23 m,52,4945
NGA,Nigeria Demographic and Health Survey 2008,Nigeria Demographic and Health Survey 2008,2008-06,2008-10,2007,DTP1,Recall,26.1,CRUDE,0-23 m,12-23 m,27.1,4945
NGA,Nigeria Demographic and Health Survey 2008,Nigeria Demographic and Health Survey 2008,2008-06,2008-10,2007,DTP3,Record or Recall<12m,26.1,CRUDE,0-12 m,12-23 m,32.8,4945
NGA,Nigeria Demographic and Health Survey 2008,Nigeria Demographic and Health Survey 2008,2008-06,2008-10,2007,DTP3,Record,26.1,CRUDE,0-23 m,12-23 m,20.2,4945
NGA,Nigeria Demographic and Health Survey 2008,Nigeria Demographic and Health Survey 2008,2008-06,2008-10,2007,DTP3,Record or Recall,26.1,CRUDE,0-23 m,12-23 m,35.4,4945
NGA,Nigeria Demographic and Health Survey 2008,Nigeria Demographic and Health Survey 2008,2008-06,2008-10,2007,DTP3,Recall,26.1,CRUDE,0-23 m,12-23 m,15.2,4945
NGA,Nigeria Demographic and Health Survey 2008,Nigeria Demographic and Health Survey 2008,2008-06,2008-10,2007,FULL,Record or Recall<12m,26.1,CRUDE,0-12 m,12-23 m,19.2,4945
NGA,Nigeria Demographic and Health Survey 2008,Nigeria Demographic and Health Survey 2008,2008-06,2008-10,2007,FULL,Record,26.1,CRUDE,0-23 m,12-23 m,15.7,4945
NGA,Nigeria Demographic and Health Survey 2008,Nigeria Demographic and Health Survey 2008,2008-06,2008-10,2007,FULL,Record or Recall,26.1,CRUDE,0-23 m,12-23 m,22.7,4945
NGA,Nigeria Demographic and Health Survey 2008,Nigeria Demographic and Health Survey 2008,2008-06,2008-10,2007,FULL,Recall,26.1,CRUDE,0-23 m,12-23 m,7,4945
NGA,Nigeria Demographic and Health Survey 2008,Nigeria Demographic and Health Survey 2008,2008-06,2008-10,2007,MCV1,Record or Recall<12m,26.1,CRUDE,0-12 m,12-23 m,33.6,4945
NGA,Nigeria Demographic and Health Survey 2008,Nigeria Demographic and Health Survey 2008,2008-06,2008-10,2007,MCV1,Record,26.1,CRUDE,0-23 m,12-23 m,19.4,4945
NGA,Nigeria Demographic and Health Survey 2008,Nigeria Demographic and Health Survey 2008,2008-06,2008-10,2007,MCV1,Record or Recall,26.1,CRUDE,0-23 m,12-23 m,41.4,4945
NGA,Nigeria Demographic and Health Survey 2008,Nigeria Demographic and Health Survey 2008,2008-06,2008-10,2007,MCV1,Recall,26.1,CRUDE,0-23 m,12-23 m,22.1,4945
NGA,Nigeria Demographic and Health Survey 2008,Nigeria Demographic and Health Survey 2008,2008-06,2008-10,2007,PAB,NOT USED,,CRUDE,,CBAW,48,17635
NGA,Nigeria Demographic and Health Survey 2008,Nigeria Demographic and Health Survey 2008,2008-06,2008-10,2007,POL1,Record or Recall<12m,26.1,CRUDE,0-12 m,12-23 m,64.1,4945
NGA,Nigeria Demographic and Health Survey 2008,Nigeria Demographic and Health Survey 2008,2008-06,2008-10,2007,POL1,Record,26.1,CRUDE,0-23 m,12-23 m,24.4,4945
NGA,Nigeria Demographic and Health Survey 2008,Nigeria Demographic and Health Survey 2008,2008-06,2008-10,2007,POL1,Record or Recall,26.1,CRUDE,0-23 m,12-23 m,67.8,4945
NGA,Nigeria Demographic and Health Survey 2008,Nigeria Demographic and Health Survey 2008,2008-06,2008-10,2007,POL1,Recall,26.1,CRUDE,0-23 m,12-23 m,43.4,4945
NGA,Nigeria Demographic and Health Survey 2008,Nigeria Demographic and Health Survey 2008,2008-06,2008-10,2007,POL3,Record or Recall<12m,26.1,CRUDE,0-12 m,12-23 m,36,4945
NGA,Nigeria Demographic and Health Survey 2008,Nigeria Demographic and Health Survey 2008,2008-06,2008-10,2007,POL3,Record,26.1,CRUDE,0-23 m,12-23 m,19.2,4945
NGA,Nigeria Demographic and Health Survey 2008,Nigeria Demographic and Health Survey 2008,2008-06,2008-10,2007,POL3,Record or Recall,26.1,CRUDE,0-23 m,12-23 m,38.7,4945
NGA,Nigeria Demographic and Health Survey 2008,Nigeria Demographic and Health Survey 2008,2008-06,2008-10,2007,POL3,Recall,26.1,CRUDE,0-23 m,12-23 m,19.5,4945
NGA,Nigeria Demographic and Health Survey 2008,Nigeria Demographic and Health Survey 2008,2008-06,2008-10,2007,TT2+,NOT USED,,CRUDE,,CBAW,45.3,17635
NGA,Nigeria 2010 National Immunization Coverage Survey,Nigeria 2010 National Immunization Coverage Survey,2010-10,2010-10,2009,BCG,Record,39.9,CRUDE,0-23 m,12-23 m,32.7,19551
NGA,Nigeria 2010 National Immunization Coverage Survey,Nigeria 2010 National Immunization Coverage Survey,2010-10,2010-10,2009,BCG,Record or Recall,39.9,CRUDE,0-23 m,12-23 m,76.4,19551
NGA,Nigeria 2010 National Immunization Coverage Survey,Nigeria 2010 National Immunization Coverage Survey,2010-10,2010-10,2009,DTP1,Record,39.9,CRUDE,0-23 m,12-23 m,28.9,19551
NGA,Nigeria 2010 National Immunization Coverage Survey,Nigeria 2010 National Immunization Coverage Survey,2010-10,2010-10,2009,DTP1,Record or Recall,39.9,CRUDE,0-23 m,12-23 m,73.4,19551
NGA,Nigeria 2010 National Immunization Coverage Survey,Nigeria 2010 National Immunization Coverage Survey,2010-10,2010-10,2009,DTP3,Record,39.9,CRUDE,0-23 m,12-23 m,24.7,19551
NGA,Nigeria 2010 National Immunization Coverage Survey,Nigeria 2010 National Immunization Coverage Survey,2010-10,2010-10,2009,DTP3,Record or Recall,39.9,CRUDE,0-23 m,12-23 m,67.7,19551
NGA,Nigeria 2010 National Immunization Coverage Survey,Nigeria 2010 National Immunization Coverage Survey,2010-10,2010-10,2009,MCV1,Record,39.9,CRUDE,0-23 m,12-23 m,21.5,19551
NGA,Nigeria 2010 National Immunization Coverage Survey,Nigeria 2010 National Immunization Coverage Survey,2010-10,2010-10,2009,MCV1,Record or Recall,39.9,CRUDE,0-23 m,12-23 m,63.6,19551
NGA,Nigeria 2010 National Immunization Coverage Survey,Nigeria 2010 National Immunization Coverage Survey,2010-10,2010-10,2009,POL1,Record,39.9,CRUDE,0-23 m,12-23 m,27.3,19551
NGA,Nigeria 2010 National Immunization Coverage Survey,Nigeria 2010 National Immunization Coverage Survey,2010-10,2010-10,2009,POL1,Record or Recall,39.9,CRUDE,0-23 m,12-23 m,78.1,19551
NGA,Nigeria 2010 National Immunization Coverage Survey,Nigeria 2010 National Immunization Coverage Survey,2010-10,2010-10,2009,POL3,Record,39.9,CRUDE,0-23 m,12-23 m,23.4,19551
NGA,Nigeria 2010 National Immunization Coverage Survey,Nigeria 2010 National Immunization Coverage Survey,2010-10,2010-10,2009,POL3,Record or Recall,39.9,CRUDE,0-23 m,12-23 m,74,19551
NGA,Nigeria 2010 National Immunization Coverage Survey,Nigeria 2010 National Immunization Coverage Survey,2010-10,2010-10,2009,TT2+,Record or Recall,,CRUDE,,CBAW,58.3,19551
NGA,Nigeria 2010 National Immunization Coverage Survey,Nigeria 2010 National Immunization Coverage Survey,2010-10,2010-10,2009,YFV,Record,39.9,CRUDE,0-23 m,12-23 m,20.5,19551
NGA,Nigeria 2010 National Immunization Coverage Survey,Nigeria 2010 National Immunization Coverage Survey,2010-10,2010-10,2009,YFV,Record or Recall,39.9,CRUDE,0-23 m,12-23 m,60.1,19551
NGA,Nigeria Multiple Indicator Cluster Survey 2011,Nigeria Multiple Indicator Cluster Survey 2011,2011-02,2011-03,2010,BCG,Record or Recall<12m,24.4,CRUDE,0-12 m,12-23 m,61.7,
NGA,Nigeria Multiple Indicator Cluster Survey 2011,Nigeria Multiple Indicator Cluster Survey 2011,2011-02,2011-03,2010,BCG,Record,24.4,CRUDE,0-23 m,12-23 m,28.5,
NGA,Nigeria Multiple Indicator Cluster Survey 2011,Nigeria Multiple Indicator Cluster Survey 2011,2011-02,2011-03,2010,BCG,Record or Recall,24.4,CRUDE,0-23 m,12-23 m,62.4,4986
NGA,Nigeria Multiple Indicator Cluster Survey 2011,Nigeria Multiple Indicator Cluster Survey 2011,2011-02,2011-03,2010,BCG,Recall,24.4,CRUDE,0-23 m,12-23 m,33.9,
NGA,Nigeria Multiple Indicator Cluster Survey 2011,Nigeria Multiple Indicator Cluster Survey 2011,2011-02,2011-03,2010,DTP1,Record or Recall<12m,24.4,CRUDE,0-12 m,12-23 m,59.3,
NGA,Nigeria Multiple Indicator Cluster Survey 2011,Nigeria Multiple Indicator Cluster Survey 2011,2011-02,2011-03,2010,DTP1,Record,24.4,CRUDE,0-23 m,12-23 m,29.3,
NGA,Nigeria Multiple Indicator Cluster Survey 2011,Nigeria Multiple Indicator Cluster Survey 2011,2011-02,2011-03,2010,DTP1,Record or Recall,24.4,CRUDE,0-23 m,12-23 m,60.4,4986
NGA,Nigeria Multiple Indicator Cluster Survey 2011,Nigeria Multiple Indicator Cluster Survey 2011,2011-02,2011-03,2010,DTP1,Recall,24.4,CRUDE,0-23 m,12-23 m,31.1,
NGA,Nigeria Multiple Indicator Cluster Survey 2011,Nigeria Multiple Indicator Cluster Survey 2011,2011-02,2011-03,2010,DTP3,Record or Recall<12m,24.4,CRUDE,0-12 m,12-23 m,42.6,4986
NGA,Nigeria Multiple Indicator Cluster Survey 2011,Nigeria Multiple Indicator Cluster Survey 2011,2011-02,2011-03,2010,DTP3,Record,24.4,CRUDE,0-23 m,12-23 m,26.5,
NGA,Nigeria Multiple Indicator Cluster Survey 2011,Nigeria Multiple Indicator Cluster Survey 2011,2011-02,2011-03,2010,DTP3,Record or Recall,24.4,CRUDE,0-23 m,12-23 m,44.7,4986
NGA,Nigeria Multiple Indicator Cluster Survey 2011,Nigeria Multiple Indicator Cluster Survey 2011,2011-02,2011-03,2010,DTP3,Recall,24.4,CRUDE,0-23 m,12-23 m,18.2,
NGA,Nigeria Multiple Indicator Cluster Survey 2011,Nigeria Multiple Indicator Cluster Survey 2011,2011-02,2011-03,2010,FULL,Record or Recall<12m,24.4,CRUDE,0-12 m,12-23 m,19.6,4986
NGA,Nigeria Multiple Indicator Cluster Survey 2011,Nigeria Multiple Indicator Cluster Survey 2011,2011-02,2011-03,2010,FULL,Record,24.4,CRUDE,0-23 m,12-23 m,23,
NGA,Nigeria Multiple Indicator Cluster Survey 2011,Nigeria Multiple Indicator Cluster Survey 2011,2011-02,2011-03,2010,FULL,Record or Recall,24.4,CRUDE,0-23 m,12-23 m,27.6,4986
NGA,Nigeria Multiple Indicator Cluster Survey 2011,Nigeria Multiple Indicator Cluster Survey 2011,2011-02,2011-03,2010,FULL,Recall,24.4,CRUDE,0-23 m,12-23 m,4.6,
NGA,Nigeria Multiple Indicator Cluster Survey 2011,Nigeria Multiple Indicator Cluster Survey 2011,2011-02,2011-03,2010,HEPB1,Record or Recall<12m,24.4,CRUDE,0-12 m,12-23 m,54.1,4986
NGA,Nigeria Multiple Indicator Cluster Survey 2011,Nigeria Multiple Indicator Cluster Survey 2011,2011-02,2011-03,2010,HEPB1,Record,24.4,CRUDE,0-23 m,12-23 m,28.8,
NGA,Nigeria Multiple Indicator Cluster Survey 2011,Nigeria Multiple Indicator Cluster Survey 2011,2011-02,2011-03,2010,HEPB1,Record or Recall,24.4,CRUDE,0-23 m,12-23 m,55.1,4986
NGA,Nigeria Multiple Indicator Cluster Survey 2011,Nigeria Multiple Indicator Cluster Survey 2011,2011-02,2011-03,2010,HEPB1,Recall,24.4,CRUDE,0-23 m,12-23 m,26.3,
NGA,Nigeria Multiple Indicator Cluster Survey 2011,Nigeria Multiple Indicator Cluster Survey 2011,2011-02,2011-03,2010,HEPB3,Record or Recall<12m,24.4,CRUDE,0-12 m,12-23 m,34,4986
NGA,Nigeria Multiple Indicator Cluster Survey 2011,Nigeria Multiple Indicator Cluster Survey 2011,2011-02,2011-03,2010,HEPB3,Record,24.4,CRUDE,0-23 m,12-23 m,26.1,
NGA,Nigeria Multiple Indicator Cluster Survey 2011,Nigeria Multiple Indicator Cluster Survey 2011,2011-02,2011-03,2010,HEPB3,Record or Recall,24.4,CRUDE,0-23 m,12-23 m,35.9,4986
NGA,Nigeria Multiple Indicator Cluster Survey 2011,Nigeria Multiple Indicator Cluster Survey 2011,2011-02,2011-03,2010,HEPB3,Recall,24.4,CRUDE,0-23 m,12-23 m,9.8,
NGA,Nigeria Multiple Indicator Cluster Survey 2011,Nigeria Multiple Indicator Cluster Survey 2011,2011-02,2011-03,2010,HEPBB,Record or Recall<12m,24.4,CRUDE,0-12 m,12-23 m,29,4986
NGA,Nigeria Multiple Indicator Cluster Survey 2011,Nigeria Multiple Indicator Cluster Survey 2011,2011-02,2011-03,2010,HEPBB,Record,24.4,CRUDE,0-23 m,12-23 m,17.7,
NGA,Nigeria Multiple Indicator Cluster Survey 2011,Nigeria Multiple Indicator Cluster Survey 2011,2011-02,2011-03,2010,HEPBB,Record or Recall,24.4,CRUDE,0-23 m,12-23 m,29.3,4986
NGA,Nigeria Multiple Indicator Cluster Survey 2011,Nigeria Multiple Indicator Cluster Survey 2011,2011-02,2011-03,2010,HEPBB,Recall,24.4,CRUDE,0-23 m,12-23 m,11.6,
NGA,Nigeria Multiple Indicator Cluster Survey 2011,Nigeria Multiple Indicator Cluster Survey 2011,2011-02,2011-03,2010,MCV1,Record or Recall<12m,24.4,CRUDE,0-12 m,12-23 m,49.2,4986
NGA,Nigeria Multiple Indicator Cluster Survey 2011,Nigeria Multiple Indicator Cluster Survey 2011,2011-02,2011-03,2010,MCV1,Record,24.4,CRUDE,0-23 m,12-23 m,23.8,
NGA,Nigeria Multiple Indicator Cluster Survey 2011,Nigeria Multiple Indicator Cluster Survey 2011,2011-02,2011-03,2010,MCV1,Record or Recall,24.4,CRUDE,0-23 m,12-23 m,55.6,4986
NGA,Nigeria Multiple Indicator Cluster Survey 2011,Nigeria Multiple Indicator Cluster Survey 2011,2011-02,2011-03,2010,MCV1,Recall,24.4,CRUDE,0-23 m,12-23 m,31.7,
NGA,Nigeria Multiple Indicator Cluster Survey 2011,Nigeria Multiple Indicator Cluster Survey 2011,2011-02,2011-03,2010,POL1,Record or Recall<12m,24.4,CRUDE,0-12 m,12-23 m,74.8,4986
NGA,Nigeria Multiple Indicator Cluster Survey 2011,Nigeria Multiple Indicator Cluster Survey 2011,2011-02,2011-03,2010,POL1,Record,24.4,CRUDE,0-23 m,12-23 m,28.3,
NGA,Nigeria Multiple Indicator Cluster Survey 2011,Nigeria Multiple Indicator Cluster Survey 2011,2011-02,2011-03,2010,POL1,Record or Recall,24.4,CRUDE,0-23 m,12-23 m,76.4,4986
NGA,Nigeria Multiple Indicator Cluster Survey 2011,Nigeria Multiple Indicator Cluster Survey 2011,2011-02,2011-03,2010,POL1,Recall,24.4,CRUDE,0-23 m,12-23 m,48.1,
NGA,Nigeria Multiple Indicator Cluster Survey 2011,Nigeria Multiple Indicator Cluster Survey 2011,2011-02,2011-03,2010,POL3,Record or Recall<12m,24.4,CRUDE,0-12 m,12-23 m,46.1,4986
NGA,Nigeria Multiple Indicator Cluster Survey 2011,Nigeria Multiple Indicator Cluster Survey 2011,2011-02,2011-03,2010,POL3,Record,24.4,CRUDE,0-23 m,12-23 m,25.3,
NGA,Nigeria Multiple Indicator Cluster Survey 2011,Nigeria Multiple Indicator Cluster Survey 2011,2011-02,2011-03,2010,POL3,Record or Recall,24.4,CRUDE,0-23 m,12-23 m,48.8,4986
NGA,Nigeria Multiple Indicator Cluster Survey 2011,Nigeria Multiple Indicator Cluster Survey 2011,2011-02,2011-03,2010,POL3,Recall,24.4,CRUDE,0-23 m,12-23 m,23.5,
NGA,Nigeria Multiple Indicator Cluster Survey 2011,Nigeria Multiple Indicator Cluster Survey 2011,2011-02,2011-03,2010,YFV,Record or Recall<12m,24.4,CRUDE,0-12 m,12-23 m,40.4,4986
NGA,Nigeria Multiple Indicator Cluster Survey 2011,Nigeria Multiple Indicator Cluster Survey 2011,2011-02,2011-03,2010,YFV,Record,24.4,CRUDE,0-23 m,12-23 m,22.9,
NGA,Nigeria Multiple Indicator Cluster Survey 2011,Nigeria Multiple Indicator Cluster Survey 2011,2011-02,2011-03,2010,YFV,Record or Recall,24.4,CRUDE,0-23 m,12-23 m,50.1,4986
NGA,Nigeria Multiple Indicator Cluster Survey 2011,Nigeria Multiple Indicator Cluster Survey 2011,2011-02,2011-03,2010,YFV,Recall,24.4,CRUDE,0-23 m,12-23 m,27.1,
NGA,Nigeria Multiple Indicator Cluster Survey 2011,Nigeria Multiple Indicator Cluster Survey 2011,2011-02,2011-03,2011,PAB,Record or Recall,,CRUDE,,CBAW,55.2,9879
NGA,Nigeria Multiple Indicator Cluster Survey 2011,Nigeria Multiple Indicator Cluster Survey 2011,2011-02,2011-03,2011,TT2+,Record or Recall,,CRUDE,,CBAW,50.9,9879
NGA,Nigeria Demographic and Health Survey 2013,Nigeria Demographic and Health Survey 2013,2013-02,2013-06,2012,BCG,Record or Recall<12m,28,CRUDE,0-12 m,12-23 m,50.3,5900
NGA,Nigeria Demographic and Health Survey 2013,Nigeria Demographic and Health Survey 2013,2013-02,2013-06,2012,BCG,Record,28,CRUDE,0-23 m,12-23 m,27,1650
NGA,Nigeria Demographic and Health Survey 2013,Nigeria Demographic and Health Survey 2013,2013-02,2013-06,2012,BCG,Record or Recall,28,CRUDE,0-23 m,12-23 m,51.2,5900
NGA,Nigeria Demographic and Health Survey 2013,Nigeria Demographic and Health Survey 2013,2013-02,2013-06,2012,BCG,Recall,28,CRUDE,0-23 m,12-23 m,24.1,4250
NGA,Nigeria Demographic and Health Survey 2013,Nigeria Demographic and Health Survey 2013,2013-02,2013-06,2012,DTP1,Record or Recall<12m,28,CRUDE,0-12 m,12-23 m,49.6,5900
NGA,Nigeria Demographic and Health Survey 2013,Nigeria Demographic and Health Survey 2013,2013-02,2013-06,2012,DTP1,Record,28,CRUDE,0-23 m,12-23 m,26.7,1650
NGA,Nigeria Demographic and Health Survey 2013,Nigeria Demographic and Health Survey 2013,2013-02,2013-06,2012,DTP1,Record or Recall,28,CRUDE,0-23 m,12-23 m,50.6,5900
NGA,Nigeria Demographic and Health Survey 2013,Nigeria Demographic and Health Survey 2013,2013-02,2013-06,2012,DTP1,Recall,28,CRUDE,0-23 m,12-23 m,23.9,4250
NGA,Nigeria Demographic and Health Survey 2013,Nigeria Demographic and Health Survey 2013,2013-02,2013-06,2012,DTP3,Record or Recall<12m,28,CRUDE,0-12 m,12-23 m,36.2,5900
NGA,Nigeria Demographic and Health Survey 2013,Nigeria Demographic and Health Survey 2013,2013-02,2013-06,2012,DTP3,Record,28,CRUDE,0-23 m,12-23 m,22.2,1650
NGA,Nigeria Demographic and Health Survey 2013,Nigeria Demographic and Health Survey 2013,2013-02,2013-06,2012,DTP3,Record or Recall,28,CRUDE,0-23 m,12-23 m,38.2,5900
NGA,Nigeria Demographic and Health Survey 2013,Nigeria Demographic and Health Survey 2013,2013-02,2013-06,2012,DTP3,Recall,28,CRUDE,0-23 m,12-23 m,16,4250
NGA,Nigeria Demographic and Health Survey 2013,Nigeria Demographic and Health Survey 2013,2013-02,2013-06,2012,FULL,Record or Recall<12m,28,CRUDE,0-12 m,12-23 m,21.4,5900
NGA,Nigeria Demographic and Health Survey 2013,Nigeria Demographic and Health Survey 2013,2013-02,2013-06,2012,FULL,Record,28,CRUDE,0-23 m,12-23 m,19,1650
NGA,Nigeria Demographic and Health Survey 2013,Nigeria Demographic and Health Survey 2013,2013-02,2013-06,2012,FULL,Record or Recall,28,CRUDE,0-23 m,12-23 m,25.3,5900
NGA,Nigeria Demographic and Health Survey 2013,Nigeria Demographic and Health Survey 2013,2013-02,2013-06,2012,FULL,Recall,28,CRUDE,0-23 m,12-23 m,6.3,4250
NGA,Nigeria Demographic and Health Survey 2013,Nigeria Demographic and Health Survey 2013,2013-02,2013-06,2012,MCV1,Record or Recall<12m,28,CRUDE,0-12 m,12-23 m,35.1,5900
NGA,Nigeria Demographic and Health Survey 2013,Nigeria Demographic and Health Survey 2013,2013-02,2013-06,2012,MCV1,Record,28,CRUDE,0-23 m,12-23 m,21.1,1650
NGA,Nigeria Demographic and Health Survey 2013,Nigeria Demographic and Health Survey 2013,2013-02,2013-06,2012,MCV1,Record or Recall,28,CRUDE,0-23 m,12-23 m,42.1,5900
NGA,Nigeria Demographic and Health Survey 2013,Nigeria Demographic and Health Survey 2013,2013-02,2013-06,2012,MCV1,Recall,28,CRUDE,0-23 m,12-23 m,21,4250
NGA,Nigeria Demographic and Health Survey 2013,Nigeria Demographic and Health Survey 2013,2013-02,2013-06,2012,PAB,NOT USED,,CRUDE,,CBAW,52.8,20467
NGA,Nigeria Demographic and Health Survey 2013,Nigeria Demographic and Health Survey 2013,2013-02,2013-06,2012,POL1,Record or Recall<12m,28,CRUDE,0-12 m,12-23 m,75,5900
NGA,Nigeria Demographic and Health Survey 2013,Nigeria Demographic and Health Survey 2013,2013-02,2013-06,2012,POL1,Record,28,CRUDE,0-23 m,12-23 m,26.8,1650
NGA,Nigeria Demographic and Health Survey 2013,Nigeria Demographic and Health Survey 2013,2013-02,2013-06,2012,POL1,Record or Recall,28,CRUDE,0-23 m,12-23 m,76.5,5900
NGA,Nigeria Demographic and Health Survey 2013,Nigeria Demographic and Health Survey 2013,2013-02,2013-06,2012,POL1,Recall,28,CRUDE,0-23 m,12-23 m,49.7,4250
NGA,Nigeria Demographic and Health Survey 2013,Nigeria Demographic and Health Survey 2013,2013-02,2013-06,2012,POL3,Record or Recall<12m,28,CRUDE,0-12 m,12-23 m,51.2,5900
NGA,Nigeria Demographic and Health Survey 2013,Nigeria Demographic and Health Survey 2013,2013-02,2013-06,2012,POL3,Record,28,CRUDE,0-23 m,12-23 m,22.7,1650
NGA,Nigeria Demographic and Health Survey 2013,Nigeria Demographic and Health Survey 2013,2013-02,2013-06,2012,POL3,Record or Recall,28,CRUDE,0-23 m,12-23 m,53.6,5900
NGA,Nigeria Demographic and Health Survey 2013,Nigeria Demographic and Health Survey 2013,2013-02,2013-06,2012,POL3,Recall,28,CRUDE,0-23 m,12-23 m,30.8,4250
NGA,Nigeria Demographic and Health Survey 2013,Nigeria Demographic and Health Survey 2013,2013-02,2013-06,2012,TT2+,NOT USED,,CRUDE,,CBAW,48.4,20467
NGA,"Summary Findings of Cross-Sectional Health and Nutrition Survey, Nigeria 2013","Summary Findings of Cross-Sectional Health and Nutrition Survey, Nigeria 2013",2013-07,2013-09,2012,DTP1,Record or Recall,,CRUDE,0-23 m,12-23 m,33.7,3625
NGA,"Summary Findings of Cross-Sectional Health and Nutrition Survey, Nigeria 2013","Summary Findings of Cross-Sectional Health and Nutrition Survey, Nigeria 2013",2013-07,2013-09,2012,DTP3,Record or Recall,,CRUDE,0-23 m,12-23 m,25,3625
NGA,"Summary Findings of Cross-Sectional Health and Nutrition Survey, Nigeria 2013","Summary Findings of Cross-Sectional Health and Nutrition Survey, Nigeria 2013",2013-07,2013-09,2012,MCV1,Record or Recall,,CRUDE,0-23 m,12-23 m,26.9,3625
NGA,"Nigeria National Nutrition and Health Survey, 2015","Nigeria National Nutrition and Health Survey, 2015",2015-07,2015-09,2014,DTP1,Record or Recall,34.4,CRUDE,0-23 m,12-23 m,63.5,4205
NGA,"Nigeria National Nutrition and Health Survey, 2015","Nigeria National Nutrition and Health Survey, 2015",2015-07,2015-09,2014,DTP3,Record or Recall,34.4,CRUDE,0-23 m,12-23 m,48.8,4205
NGA,"Nigeria National Nutrition and Health Survey, 2015","Nigeria National Nutrition and Health Survey, 2015",2015-07,2015-09,2014,MCV1,Record or Recall,34.4,CRUDE,0-23 m,12-23 m,50.6,4205
NGA,Nigeria Multiple Indicator Cluster Survey 2016-2017,Nigeria Multiple Indicator Cluster Survey 2016-2017,2016-09,2017-01,2014,BCG,Record or Recall<12m,,CRUDE,0-12 m,24-35 m,49.1,5514
NGA,Nigeria Multiple Indicator Cluster Survey 2016-2017,Nigeria Multiple Indicator Cluster Survey 2016-2017,2016-09,2017-01,2014,BCG,Record,,CRUDE,0-35 m,24-35 m,18.4,5514
NGA,Nigeria Multiple Indicator Cluster Survey 2016-2017,Nigeria Multiple Indicator Cluster Survey 2016-2017,2016-09,2017-01,2014,BCG,Record or Recall,,CRUDE,0-35 m,24-35 m,50.9,5514
NGA,Nigeria Multiple Indicator Cluster Survey 2016-2017,Nigeria Multiple Indicator Cluster Survey 2016-2017,2016-09,2017-01,2014,BCG,Recall,,CRUDE,0-35 m,24-35 m,32.5,5514
NGA,Nigeria Multiple Indicator Cluster Survey 2016-2017,Nigeria Multiple Indicator Cluster Survey 2016-2017,2016-09,2017-01,2014,DTP1,Record or Recall<12m,,CRUDE,0-12 m,24-35 m,44.7,5514
NGA,Nigeria Multiple Indicator Cluster Survey 2016-2017,Nigeria Multiple Indicator Cluster Survey 2016-2017,2016-09,2017-01,2014,DTP1,Record,,CRUDE,0-35 m,24-35 m,18.4,5514
NGA,Nigeria Multiple Indicator Cluster Survey 2016-2017,Nigeria Multiple Indicator Cluster Survey 2016-2017,2016-09,2017-01,2014,DTP1,Record or Recall,,CRUDE,0-35 m,24-35 m,47.8,5514
NGA,Nigeria Multiple Indicator Cluster Survey 2016-2017,Nigeria Multiple Indicator Cluster Survey 2016-2017,2016-09,2017-01,2014,DTP1,Recall,,CRUDE,0-35 m,24-35 m,29.4,5514
NGA,Nigeria Multiple Indicator Cluster Survey 2016-2017,Nigeria Multiple Indicator Cluster Survey 2016-2017,2016-09,2017-01,2014,DTP2,Record or Recall<12m,,CRUDE,0-12 m,24-35 m,35.1,5514
NGA,Nigeria Multiple Indicator Cluster Survey 2016-2017,Nigeria Multiple Indicator Cluster Survey 2016-2017,2016-09,2017-01,2014,DTP2,Record,,CRUDE,0-35 m,24-35 m,16.8,5514
NGA,Nigeria Multiple Indicator Cluster Survey 2016-2017,Nigeria Multiple Indicator Cluster Survey 2016-2017,2016-09,2017-01,2014,DTP2,Record or Recall,,CRUDE,0-35 m,24-35 m,38.2,5514
NGA,Nigeria Multiple Indicator Cluster Survey 2016-2017,Nigeria Multiple Indicator Cluster Survey 2016-2017,2016-09,2017-01,2014,DTP2,Recall,,CRUDE,0-35 m,24-35 m,21.3,5514
NGA,Nigeria Multiple Indicator Cluster Survey 2016-2017,Nigeria Multiple Indicator Cluster Survey 2016-2017,2016-09,2017-01,2014,DTP3,Record or Recall<12m,,CRUDE,0-12 m,24-35 m,28.3,5514
NGA,Nigeria Multiple Indicator Cluster Survey 2016-2017,Nigeria Multiple Indicator Cluster Survey 2016-2017,2016-09,2017-01,2014,DTP3,Record,,CRUDE,0-35 m,24-35 m,15.5,5514
NGA,Nigeria Multiple Indicator Cluster Survey 2016-2017,Nigeria Multiple Indicator Cluster Survey 2016-2017,2016-09,2017-01,2014,DTP3,Record or Recall,,CRUDE,0-35 m,24-35 m,32.3,5514
NGA,Nigeria Multiple Indicator Cluster Survey 2016-2017,Nigeria Multiple Indicator Cluster Survey 2016-2017,2016-09,2017-01,2014,DTP3,Recall,,CRUDE,0-35 m,24-35 m,16.8,5514
NGA,Nigeria Multiple Indicator Cluster Survey 2016-2017,Nigeria Multiple Indicator Cluster Survey 2016-2017,2016-09,2017-01,2014,FULL,Record or Recall<12m,,CRUDE,0-12 m,24-35 m,11.9,5514
NGA,Nigeria Multiple Indicator Cluster Survey 2016-2017,Nigeria Multiple Indicator Cluster Survey 2016-2017,2016-09,2017-01,2014,FULL,Record,,CRUDE,0-35 m,24-35 m,11.8,5514
NGA,Nigeria Multiple Indicator Cluster Survey 2016-2017,Nigeria Multiple Indicator Cluster Survey 2016-2017,2016-09,2017-01,2014,FULL,Record or Recall,,CRUDE,0-35 m,24-35 m,18.8,5514
NGA,Nigeria Multiple Indicator Cluster Survey 2016-2017,Nigeria Multiple Indicator Cluster Survey 2016-2017,2016-09,2017-01,2014,FULL,Recall,,CRUDE,0-35 m,24-35 m,7,5514
NGA,Nigeria Multiple Indicator Cluster Survey 2016-2017,Nigeria Multiple Indicator Cluster Survey 2016-2017,2016-09,2017-01,2014,HEPB1,Record or Recall<12m,,CRUDE,0-12 m,24-35 m,44.7,5514
NGA,Nigeria Multiple Indicator Cluster Survey 2016-2017,Nigeria Multiple Indicator Cluster Survey 2016-2017,2016-09,2017-01,2014,HEPB1,Record,,CRUDE,0-35 m,24-35 m,18.4,5514
NGA,Nigeria Multiple Indicator Cluster Survey 2016-2017,Nigeria Multiple Indicator Cluster Survey 2016-2017,2016-09,2017-01,2014,HEPB1,Record or Recall,,CRUDE,0-35 m,24-35 m,47.8,5514
NGA,Nigeria Multiple Indicator Cluster Survey 2016-2017,Nigeria Multiple Indicator Cluster Survey 2016-2017,2016-09,2017-01,2014,HEPB1,Recall,,CRUDE,0-35 m,24-35 m,29.4,5514
NGA,Nigeria Multiple Indicator Cluster Survey 2016-2017,Nigeria Multiple Indicator Cluster Survey 2016-2017,2016-09,2017-01,2014,HEPB3,Record or Recall<12m,,CRUDE,0-12 m,24-35 m,28.3,5514
NGA,Nigeria Multiple Indicator Cluster Survey 2016-2017,Nigeria Multiple Indicator Cluster Survey 2016-2017,2016-09,2017-01,2014,HEPB3,Record,,CRUDE,0-35 m,24-35 m,15.5,5514
NGA,Nigeria Multiple Indicator Cluster Survey 2016-2017,Nigeria Multiple Indicator Cluster Survey 2016-2017,2016-09,2017-01,2014,HEPB3,Record or Recall,,CRUDE,0-35 m,24-35 m,32.3,5514
NGA,Nigeria Multiple Indicator Cluster Survey 2016-2017,Nigeria Multiple Indicator Cluster Survey 2016-2017,2016-09,2017-01,2014,HEPB3,Recall,,CRUDE,0-35 m,24-35 m,16.8,5514
NGA,Nigeria Multiple Indicator Cluster Survey 2016-2017,Nigeria Multiple Indicator Cluster Survey 2016-2017,2016-09,2017-01,2014,HEPBB,Record,,CRUDE,0-35 m,24-35 m,16.3,5514
NGA,Nigeria Multiple Indicator Cluster Survey 2016-2017,Nigeria Multiple Indicator Cluster Survey 2016-2017,2016-09,2017-01,2014,HEPBB,Recall,,CRUDE,0-35 m,24-35 m,14.1,5514
NGA,Nigeria Multiple Indicator Cluster Survey 2016-2017,Nigeria Multiple Indicator Cluster Survey 2016-2017,2016-09,2017-01,2014,HIB1,Record or Recall<12m,,CRUDE,0-12 m,24-35 m,44.7,5514
NGA,Nigeria Multiple Indicator Cluster Survey 2016-2017,Nigeria Multiple Indicator Cluster Survey 2016-2017,2016-09,2017-01,2014,HIB1,Record,,CRUDE,0-35 m,24-35 m,18.4,5514
NGA,Nigeria Multiple Indicator Cluster Survey 2016-2017,Nigeria Multiple Indicator Cluster Survey 2016-2017,2016-09,2017-01,2014,HIB1,Record or Recall,,CRUDE,0-35 m,24-35 m,47.8,5514
NGA,Nigeria Multiple Indicator Cluster Survey 2016-2017,Nigeria Multiple Indicator Cluster Survey 2016-2017,2016-09,2017-01,2014,HIB1,Recall,,CRUDE,0-35 m,24-35 m,29.4,5514
NGA,Nigeria Multiple Indicator Cluster Survey 2016-2017,Nigeria Multiple Indicator Cluster Survey 2016-2017,2016-09,2017-01,2014,HIB3,Record or Recall<12m,,CRUDE,0-12 m,24-35 m,28.3,5514
NGA,Nigeria Multiple Indicator Cluster Survey 2016-2017,Nigeria Multiple Indicator Cluster Survey 2016-2017,2016-09,2017-01,2014,HIB3,Record,,CRUDE,0-35 m,24-35 m,15.5,5514
NGA,Nigeria Multiple Indicator Cluster Survey 2016-2017,Nigeria Multiple Indicator Cluster Survey 2016-2017,2016-09,2017-01,2014,HIB3,Record or Recall,,CRUDE,0-35 m,24-35 m,32.3,5514
NGA,Nigeria Multiple Indicator Cluster Survey 2016-2017,Nigeria Multiple Indicator Cluster Survey 2016-2017,2016-09,2017-01,2014,HIB3,Recall,,CRUDE,0-35 m,24-35 m,16.8,5514
NGA,Nigeria Multiple Indicator Cluster Survey 2016-2017,Nigeria Multiple Indicator Cluster Survey 2016-2017,2016-09,2017-01,2014,IPV1,Record or Recall<12m,,CRUDE,0-12 m,24-35 m,29.7,5514
NGA,Nigeria Multiple Indicator Cluster Survey 2016-2017,Nigeria Multiple Indicator Cluster Survey 2016-2017,2016-09,2017-01,2014,IPV1,Record,,CRUDE,0-35 m,24-35 m,8.2,5514
NGA,Nigeria Multiple Indicator Cluster Survey 2016-2017,Nigeria Multiple Indicator Cluster Survey 2016-2017,2016-09,2017-01,2014,IPV1,Record or Recall,,CRUDE,0-35 m,24-35 m,38.7,5514
NGA,Nigeria Multiple Indicator Cluster Survey 2016-2017,Nigeria Multiple Indicator Cluster Survey 2016-2017,2016-09,2017-01,2014,IPV1,Recall,,CRUDE,0-35 m,24-35 m,30.4,5514
NGA,Nigeria Multiple Indicator Cluster Survey 2016-2017,Nigeria Multiple Indicator Cluster Survey 2016-2017,2016-09,2017-01,2014,MCV1,Record or Recall<12m,,CRUDE,0-12 m,24-35 m,36.5,5514
NGA,Nigeria Multiple Indicator Cluster Survey 2016-2017,Nigeria Multiple Indicator Cluster Survey 2016-2017,2016-09,2017-01,2014,MCV1,Record,,CRUDE,0-35 m,24-35 m,15,5514
NGA,Nigeria Multiple Indicator Cluster Survey 2016-2017,Nigeria Multiple Indicator Cluster Survey 2016-2017,2016-09,2017-01,2014,MCV1,Record or Recall,,CRUDE,0-35 m,24-35 m,44.3,5514
NGA,Nigeria Multiple Indicator Cluster Survey 2016-2017,Nigeria Multiple Indicator Cluster Survey 2016-2017,2016-09,2017-01,2014,MCV1,Recall,,CRUDE,0-35 m,24-35 m,29.4,5514
NGA,Nigeria Multiple Indicator Cluster Survey 2016-2017,Nigeria Multiple Indicator Cluster Survey 2016-2017,2016-09,2017-01,2014,PCV1,Record or Recall<12m,,CRUDE,0-12 m,24-35 m,36.3,5514
NGA,Nigeria Multiple Indicator Cluster Survey 2016-2017,Nigeria Multiple Indicator Cluster Survey 2016-2017,2016-09,2017-01,2014,PCV1,Record,,CRUDE,0-35 m,24-35 m,12.3,5514
NGA,Nigeria Multiple Indicator Cluster Survey 2016-2017,Nigeria Multiple Indicator Cluster Survey 2016-2017,2016-09,2017-01,2014,PCV1,Record or Recall,,CRUDE,0-35 m,24-35 m,39.9,5514
NGA,Nigeria Multiple Indicator Cluster Survey 2016-2017,Nigeria Multiple Indicator Cluster Survey 2016-2017,2016-09,2017-01,2014,PCV1,Recall,,CRUDE,0-35 m,24-35 m,27.6,5514
NGA,Nigeria Multiple Indicator Cluster Survey 2016-2017,Nigeria Multiple Indicator Cluster Survey 2016-2017,2016-09,2017-01,2014,PCV2,Record or Recall<12m,,CRUDE,0-12 m,24-35 m,27.4,5514
NGA,Nigeria Multiple Indicator Cluster Survey 2016-2017,Nigeria Multiple Indicator Cluster Survey 2016-2017,2016-09,2017-01,2014,PCV2,Record,,CRUDE,0-35 m,24-35 m,11,5514
NGA,Nigeria Multiple Indicator Cluster Survey 2016-2017,Nigeria Multiple Indicator Cluster Survey 2016-2017,2016-09,2017-01,2014,PCV2,Record or Recall,,CRUDE,0-35 m,24-35 m,30.8,5514
NGA,Nigeria Multiple Indicator Cluster Survey 2016-2017,Nigeria Multiple Indicator Cluster Survey 2016-2017,2016-09,2017-01,2014,PCV2,Recall,,CRUDE,0-35 m,24-35 m,19.9,5514
NGA,Nigeria Multiple Indicator Cluster Survey 2016-2017,Nigeria Multiple Indicator Cluster Survey 2016-2017,2016-09,2017-01,2014,PCV3,Record or Recall<12m,,CRUDE,0-12 m,24-35 m,21.1,5514
NGA,Nigeria Multiple Indicator Cluster Survey 2016-2017,Nigeria Multiple Indicator Cluster Survey 2016-2017,2016-09,2017-01,2014,PCV3,Record,,CRUDE,0-35 m,24-35 m,10.2,5514
NGA,Nigeria Multiple Indicator Cluster Survey 2016-2017,Nigeria Multiple Indicator Cluster Survey 2016-2017,2016-09,2017-01,2014,PCV3,Record or Recall,,CRUDE,0-35 m,24-35 m,25.1,5514
NGA,Nigeria Multiple Indicator Cluster Survey 2016-2017,Nigeria Multiple Indicator Cluster Survey 2016-2017,2016-09,2017-01,2014,PCV3,Recall,,CRUDE,0-35 m,24-35 m,15,5514
NGA,Nigeria Multiple Indicator Cluster Survey 2016-2017,Nigeria Multiple Indicator Cluster Survey 2016-2017,2016-09,2017-01,2014,POL1,Record or Recall<12m,,CRUDE,0-12 m,24-35 m,45.2,5514
NGA,Nigeria Multiple Indicator Cluster Survey 2016-2017,Nigeria Multiple Indicator Cluster Survey 2016-2017,2016-09,2017-01,2014,POL1,Record,,CRUDE,0-35 m,24-35 m,17.2,5514
NGA,Nigeria Multiple Indicator Cluster Survey 2016-2017,Nigeria Multiple Indicator Cluster Survey 2016-2017,2016-09,2017-01,2014,POL1,Record or Recall,,CRUDE,0-35 m,24-35 m,48.3,5514
NGA,Nigeria Multiple Indicator Cluster Survey 2016-2017,Nigeria Multiple Indicator Cluster Survey 2016-2017,2016-09,2017-01,2014,POL1,Recall,,CRUDE,0-35 m,24-35 m,31.1,5514
NGA,Nigeria Multiple Indicator Cluster Survey 2016-2017,Nigeria Multiple Indicator Cluster Survey 2016-2017,2016-09,2017-01,2014,POL2,Record or Recall<12m,,CRUDE,0-12 m,24-35 m,38.7,5514
NGA,Nigeria Multiple Indicator Cluster Survey 2016-2017,Nigeria Multiple Indicator Cluster Survey 2016-2017,2016-09,2017-01,2014,POL2,Record,,CRUDE,0-35 m,24-35 m,16,5514
NGA,Nigeria Multiple Indicator Cluster Survey 2016-2017,Nigeria Multiple Indicator Cluster Survey 2016-2017,2016-09,2017-01,2014,POL2,Record or Recall,,CRUDE,0-35 m,24-35 m,42.1,5514
NGA,Nigeria Multiple Indicator Cluster Survey 2016-2017,Nigeria Multiple Indicator Cluster Survey 2016-2017,2016-09,2017-01,2014,POL2,Recall,,CRUDE,0-35 m,24-35 m,26.2,5514
NGA,Nigeria Multiple Indicator Cluster Survey 2016-2017,Nigeria Multiple Indicator Cluster Survey 2016-2017,2016-09,2017-01,2014,POL3,Record or Recall<12m,,CRUDE,0-12 m,24-35 m,26.5,5514
NGA,Nigeria Multiple Indicator Cluster Survey 2016-2017,Nigeria Multiple Indicator Cluster Survey 2016-2017,2016-09,2017-01,2014,POL3,Record,,CRUDE,0-35 m,24-35 m,14.5,5514
NGA,Nigeria Multiple Indicator Cluster Survey 2016-2017,Nigeria Multiple Indicator Cluster Survey 2016-2017,2016-09,2017-01,2014,POL3,Record or Recall,,CRUDE,0-35 m,24-35 m,30.2,5514
NGA,Nigeria Multiple Indicator Cluster Survey 2016-2017,Nigeria Multiple Indicator Cluster Survey 2016-2017,2016-09,2017-01,2014,POL3,Recall,,CRUDE,0-35 m,24-35 m,15.7,5514
NGA,Nigeria Multiple Indicator Cluster Survey 2016-2017,Nigeria Multiple Indicator Cluster Survey 2016-2017,2016-09,2017-01,2014,YFV,Record or Recall<12m,,CRUDE,0-12 m,24-35 m,33.4,5514
NGA,Nigeria Multiple Indicator Cluster Survey 2016-2017,Nigeria Multiple Indicator Cluster Survey 2016-2017,2016-09,2017-01,2014,YFV,Record,,CRUDE,0-35 m,24-35 m,14.1,5514
NGA,Nigeria Multiple Indicator Cluster Survey 2016-2017,Nigeria Multiple Indicator Cluster Survey 2016-2017,2016-09,2017-01,2014,YFV,Record or Recall,,CRUDE,0-35 m,24-35 m,41.3,5514
NGA,Nigeria Multiple Indicator Cluster Survey 2016-2017,Nigeria Multiple Indicator Cluster Survey 2016-2017,2016-09,2017-01,2014,YFV,Recall,,CRUDE,0-35 m,24-35 m,27.1,5514
NGA,Nigeria Multiple Indicator Cluster Survey 2016-2017,Nigeria Multiple Indicator Cluster Survey 2016-2017,2016-09,2017-01,2015,BCG,Record or Recall<12m,29,CRUDE,0-12 m,12-23 m,52.8,5535
NGA,Nigeria Multiple Indicator Cluster Survey 2016-2017,Nigeria Multiple Indicator Cluster Survey 2016-2017,2016-09,2017-01,2015,BCG,Record,29,CRUDE,0-23 m,12-23 m,27.8,5535
NGA,Nigeria Multiple Indicator Cluster Survey 2016-2017,Nigeria Multiple Indicator Cluster Survey 2016-2017,2016-09,2017-01,2015,BCG,Record or Recall,29,CRUDE,0-23 m,12-23 m,53.1,5535
NGA,Nigeria Multiple Indicator Cluster Survey 2016-2017,Nigeria Multiple Indicator Cluster Survey 2016-2017,2016-09,2017-01,2015,BCG,Recall,29,CRUDE,0-23 m,12-23 m,25.3,5535
NGA,Nigeria Multiple Indicator Cluster Survey 2016-2017,Nigeria Multiple Indicator Cluster Survey 2016-2017,2016-09,2017-01,2015,DTP1,Record or Recall<12m,29,CRUDE,0-12 m,12-23 m,48.8,5535
NGA,Nigeria Multiple Indicator Cluster Survey 2016-2017,Nigeria Multiple Indicator Cluster Survey 2016-2017,2016-09,2017-01,2015,DTP1,Record,29,CRUDE,0-23 m,12-23 m,26.9,5535
NGA,Nigeria Multiple Indicator Cluster Survey 2016-2017,Nigeria Multiple Indicator Cluster Survey 2016-2017,2016-09,2017-01,2015,DTP1,Record or Recall,29,CRUDE,0-23 m,12-23 m,49.3,5535
NGA,Nigeria Multiple Indicator Cluster Survey 2016-2017,Nigeria Multiple Indicator Cluster Survey 2016-2017,2016-09,2017-01,2015,DTP1,Recall,29,CRUDE,0-23 m,12-23 m,22.3,5535
NGA,Nigeria Multiple Indicator Cluster Survey 2016-2017,Nigeria Multiple Indicator Cluster Survey 2016-2017,2016-09,2017-01,2015,DTP2,Record or Recall<12m,29,CRUDE,0-12 m,12-23 m,40.3,5535
NGA,Nigeria Multiple Indicator Cluster Survey 2016-2017,Nigeria Multiple Indicator Cluster Survey 2016-2017,2016-09,2017-01,2015,DTP2,Record,29,CRUDE,0-23 m,12-23 m,24.7,5535
NGA,Nigeria Multiple Indicator Cluster Survey 2016-2017,Nigeria Multiple Indicator Cluster Survey 2016-2017,2016-09,2017-01,2015,DTP2,Record or Recall,29,CRUDE,0-23 m,12-23 m,40.8,5535
NGA,Nigeria Multiple Indicator Cluster Survey 2016-2017,Nigeria Multiple Indicator Cluster Survey 2016-2017,2016-09,2017-01,2015,DTP2,Recall,29,CRUDE,0-23 m,12-23 m,16,5535
NGA,Nigeria Multiple Indicator Cluster Survey 2016-2017,Nigeria Multiple Indicator Cluster Survey 2016-2017,2016-09,2017-01,2015,DTP3,Record or Recall<12m,29,CRUDE,0-12 m,12-23 m,33.6,5535
NGA,Nigeria Multiple Indicator Cluster Survey 2016-2017,Nigeria Multiple Indicator Cluster Survey 2016-2017,2016-09,2017-01,2015,DTP3,Record,29,CRUDE,0-23 m,12-23 m,23,5535
NGA,Nigeria Multiple Indicator Cluster Survey 2016-2017,Nigeria Multiple Indicator Cluster Survey 2016-2017,2016-09,2017-01,2015,DTP3,Record or Recall,29,CRUDE,0-23 m,12-23 m,34.4,5535
NGA,Nigeria Multiple Indicator Cluster Survey 2016-2017,Nigeria Multiple Indicator Cluster Survey 2016-2017,2016-09,2017-01,2015,DTP3,Recall,29,CRUDE,0-23 m,12-23 m,11.4,5535
NGA,Nigeria Multiple Indicator Cluster Survey 2016-2017,Nigeria Multiple Indicator Cluster Survey 2016-2017,2016-09,2017-01,2015,FULL,Record or Recall<12m,29,CRUDE,0-12 m,12-23 m,17.5,5535
NGA,Nigeria Multiple Indicator Cluster Survey 2016-2017,Nigeria Multiple Indicator Cluster Survey 2016-2017,2016-09,2017-01,2015,FULL,Record,29,CRUDE,0-23 m,12-23 m,16.3,5535
NGA,Nigeria Multiple Indicator Cluster Survey 2016-2017,Nigeria Multiple Indicator Cluster Survey 2016-2017,2016-09,2017-01,2015,FULL,Record or Recall,29,CRUDE,0-23 m,12-23 m,21,5535
NGA,Nigeria Multiple Indicator Cluster Survey 2016-2017,Nigeria Multiple Indicator Cluster Survey 2016-2017,2016-09,2017-01,2015,FULL,Recall,29,CRUDE,0-23 m,12-23 m,4.7,5535
NGA,Nigeria Multiple Indicator Cluster Survey 2016-2017,Nigeria Multiple Indicator Cluster Survey 2016-2017,2016-09,2017-01,2015,HEPB1,Record or Recall<12m,29,CRUDE,0-12 m,12-23 m,48.8,5535
NGA,Nigeria Multiple Indicator Cluster Survey 2016-2017,Nigeria Multiple Indicator Cluster Survey 2016-2017,2016-09,2017-01,2015,HEPB1,Record,29,CRUDE,0-23 m,12-23 m,26.9,5535
NGA,Nigeria Multiple Indicator Cluster Survey 2016-2017,Nigeria Multiple Indicator Cluster Survey 2016-2017,2016-09,2017-01,2015,HEPB1,Record or Recall,29,CRUDE,0-23 m,12-23 m,49.3,5535
NGA,Nigeria Multiple Indicator Cluster Survey 2016-2017,Nigeria Multiple Indicator Cluster Survey 2016-2017,2016-09,2017-01,2015,HEPB1,Recall,29,CRUDE,0-23 m,12-23 m,22.3,5535
NGA,Nigeria Multiple Indicator Cluster Survey 2016-2017,Nigeria Multiple Indicator Cluster Survey 2016-2017,2016-09,2017-01,2015,HEPB3,Record or Recall<12m,29,CRUDE,0-12 m,12-23 m,33.6,5535
NGA,Nigeria Multiple Indicator Cluster Survey 2016-2017,Nigeria Multiple Indicator Cluster Survey 2016-2017,2016-09,2017-01,2015,HEPB3,Record,29,CRUDE,0-23 m,12-23 m,23,5535
NGA,Nigeria Multiple Indicator Cluster Survey 2016-2017,Nigeria Multiple Indicator Cluster Survey 2016-2017,2016-09,2017-01,2015,HEPB3,Record or Recall,29,CRUDE,0-23 m,12-23 m,34.4,5535
NGA,Nigeria Multiple Indicator Cluster Survey 2016-2017,Nigeria Multiple Indicator Cluster Survey 2016-2017,2016-09,2017-01,2015,HEPB3,Recall,29,CRUDE,0-23 m,12-23 m,11.4,5535
NGA,Nigeria Multiple Indicator Cluster Survey 2016-2017,Nigeria Multiple Indicator Cluster Survey 2016-2017,2016-09,2017-01,2015,HEPBB,Record or Recall<12m,29,CRUDE,0-12 m,12-23 m,30,5535
NGA,Nigeria Multiple Indicator Cluster Survey 2016-2017,Nigeria Multiple Indicator Cluster Survey 2016-2017,2016-09,2017-01,2015,HEPBB,Record,29,CRUDE,0-23 m,12-23 m,20.3,5535
NGA,Nigeria Multiple Indicator Cluster Survey 2016-2017,Nigeria Multiple Indicator Cluster Survey 2016-2017,2016-09,2017-01,2015,HEPBB,Record or Recall,29,CRUDE,0-23 m,12-23 m,30.1,5535
NGA,Nigeria Multiple Indicator Cluster Survey 2016-2017,Nigeria Multiple Indicator Cluster Survey 2016-2017,2016-09,2017-01,2015,HEPBB,Recall,29,CRUDE,0-23 m,12-23 m,9.7,5535
NGA,Nigeria Multiple Indicator Cluster Survey 2016-2017,Nigeria Multiple Indicator Cluster Survey 2016-2017,2016-09,2017-01,2015,HIB1,Record or Recall<12m,29,CRUDE,0-12 m,12-23 m,48.8,5535
NGA,Nigeria Multiple Indicator Cluster Survey 2016-2017,Nigeria Multiple Indicator Cluster Survey 2016-2017,2016-09,2017-01,2015,HIB1,Record,29,CRUDE,0-23 m,12-23 m,26.9,5535
NGA,Nigeria Multiple Indicator Cluster Survey 2016-2017,Nigeria Multiple Indicator Cluster Survey 2016-2017,2016-09,2017-01,2015,HIB1,Record or Recall,29,CRUDE,0-23 m,12-23 m,49.3,5535
NGA,Nigeria Multiple Indicator Cluster Survey 2016-2017,Nigeria Multiple Indicator Cluster Survey 2016-2017,2016-09,2017-01,2015,HIB1,Recall,29,CRUDE,0-23 m,12-23 m,22.3,5535
NGA,Nigeria Multiple Indicator Cluster Survey 2016-2017,Nigeria Multiple Indicator Cluster Survey 2016-2017,2016-09,2017-01,2015,HIB3,Record or Recall<12m,29,CRUDE,0-12 m,12-23 m,33.6,5535
NGA,Nigeria Multiple Indicator Cluster Survey 2016-2017,Nigeria Multiple Indicator Cluster Survey 2016-2017,2016-09,2017-01,2015,HIB3,Record,29,CRUDE,0-23 m,12-23 m,23,5535
NGA,Nigeria Multiple Indicator Cluster Survey 2016-2017,Nigeria Multiple Indicator Cluster Survey 2016-2017,2016-09,2017-01,2015,HIB3,Record or Recall,29,CRUDE,0-23 m,12-23 m,34.4,5535
NGA,Nigeria Multiple Indicator Cluster Survey 2016-2017,Nigeria Multiple Indicator Cluster Survey 2016-2017,2016-09,2017-01,2015,HIB3,Recall,29,CRUDE,0-23 m,12-23 m,11.4,5535
NGA,Nigeria Multiple Indicator Cluster Survey 2016-2017,Nigeria Multiple Indicator Cluster Survey 2016-2017,2016-09,2017-01,2015,IPV1,Record or Recall<12m,29,CRUDE,0-12 m,12-23 m,40.2,5535
NGA,Nigeria Multiple Indicator Cluster Survey 2016-2017,Nigeria Multiple Indicator Cluster Survey 2016-2017,2016-09,2017-01,2015,IPV1,Record,29,CRUDE,0-23 m,12-23 m,18.8,5535
NGA,Nigeria Multiple Indicator Cluster Survey 2016-2017,Nigeria Multiple Indicator Cluster Survey 2016-2017,2016-09,2017-01,2015,IPV1,Record or Recall,29,CRUDE,0-23 m,12-23 m,42.4,5535
NGA,Nigeria Multiple Indicator Cluster Survey 2016-2017,Nigeria Multiple Indicator Cluster Survey 2016-2017,2016-09,2017-01,2015,IPV1,Recall,29,CRUDE,0-23 m,12-23 m,23.6,5535
NGA,Nigeria Multiple Indicator Cluster Survey 2016-2017,Nigeria Multiple Indicator Cluster Survey 2016-2017,2016-09,2017-01,2015,MCV1,Record or Recall<12m,29,CRUDE,0-12 m,12-23 m,38.5,5535
NGA,Nigeria Multiple Indicator Cluster Survey 2016-2017,Nigeria Multiple Indicator Cluster Survey 2016-2017,2016-09,2017-01,2015,MCV1,Record,29,CRUDE,0-23 m,12-23 m,20.4,5535
NGA,Nigeria Multiple Indicator Cluster Survey 2016-2017,Nigeria Multiple Indicator Cluster Survey 2016-2017,2016-09,2017-01,2015,MCV1,Record or Recall,29,CRUDE,0-23 m,12-23 m,41.8,5535
NGA,Nigeria Multiple Indicator Cluster Survey 2016-2017,Nigeria Multiple Indicator Cluster Survey 2016-2017,2016-09,2017-01,2015,MCV1,Recall,29,CRUDE,0-23 m,12-23 m,21.4,5535
NGA,Nigeria Multiple Indicator Cluster Survey 2016-2017,Nigeria Multiple Indicator Cluster Survey 2016-2017,2016-09,2017-01,2015,PAB,Record or Recall,,CRUDE,,CBAW,55.3,11547
NGA,Nigeria Multiple Indicator Cluster Survey 2016-2017,Nigeria Multiple Indicator Cluster Survey 2016-2017,2016-09,2017-01,2015,PCV1,Record or Recall<12m,29,CRUDE,0-12 m,12-23 m,38.8,5535
NGA,Nigeria Multiple Indicator Cluster Survey 2016-2017,Nigeria Multiple Indicator Cluster Survey 2016-2017,2016-09,2017-01,2015,PCV1,Record,29,CRUDE,0-23 m,12-23 m,19.3,5535
NGA,Nigeria Multiple Indicator Cluster Survey 2016-2017,Nigeria Multiple Indicator Cluster Survey 2016-2017,2016-09,2017-01,2015,PCV1,Record or Recall,29,CRUDE,0-23 m,12-23 m,39.6,5535
NGA,Nigeria Multiple Indicator Cluster Survey 2016-2017,Nigeria Multiple Indicator Cluster Survey 2016-2017,2016-09,2017-01,2015,PCV1,Recall,29,CRUDE,0-23 m,12-23 m,20.4,5535
NGA,Nigeria Multiple Indicator Cluster Survey 2016-2017,Nigeria Multiple Indicator Cluster Survey 2016-2017,2016-09,2017-01,2015,PCV2,Record or Recall<12m,29,CRUDE,0-12 m,12-23 m,32.4,5535
NGA,Nigeria Multiple Indicator Cluster Survey 2016-2017,Nigeria Multiple Indicator Cluster Survey 2016-2017,2016-09,2017-01,2015,PCV2,Record,29,CRUDE,0-23 m,12-23 m,17.9,5535
NGA,Nigeria Multiple Indicator Cluster Survey 2016-2017,Nigeria Multiple Indicator Cluster Survey 2016-2017,2016-09,2017-01,2015,PCV2,Record or Recall,29,CRUDE,0-23 m,12-23 m,33.1,5535
NGA,Nigeria Multiple Indicator Cluster Survey 2016-2017,Nigeria Multiple Indicator Cluster Survey 2016-2017,2016-09,2017-01,2015,PCV2,Recall,29,CRUDE,0-23 m,12-23 m,15.2,5535
NGA,Nigeria Multiple Indicator Cluster Survey 2016-2017,Nigeria Multiple Indicator Cluster Survey 2016-2017,2016-09,2017-01,2015,PCV3,Record or Recall<12m,29,CRUDE,0-12 m,12-23 m,26.2,5535
NGA,Nigeria Multiple Indicator Cluster Survey 2016-2017,Nigeria Multiple Indicator Cluster Survey 2016-2017,2016-09,2017-01,2015,PCV3,Record,29,CRUDE,0-23 m,12-23 m,16.6,5535
NGA,Nigeria Multiple Indicator Cluster Survey 2016-2017,Nigeria Multiple Indicator Cluster Survey 2016-2017,2016-09,2017-01,2015,PCV3,Record or Recall,29,CRUDE,0-23 m,12-23 m,27.2,5535
NGA,Nigeria Multiple Indicator Cluster Survey 2016-2017,Nigeria Multiple Indicator Cluster Survey 2016-2017,2016-09,2017-01,2015,PCV3,Recall,29,CRUDE,0-23 m,12-23 m,10.7,5535
NGA,Nigeria Multiple Indicator Cluster Survey 2016-2017,Nigeria Multiple Indicator Cluster Survey 2016-2017,2016-09,2017-01,2015,POL1,Record or Recall<12m,29,CRUDE,0-12 m,12-23 m,49.8,5535
NGA,Nigeria Multiple Indicator Cluster Survey 2016-2017,Nigeria Multiple Indicator Cluster Survey 2016-2017,2016-09,2017-01,2015,POL1,Record,29,CRUDE,0-23 m,12-23 m,25.5,5535
NGA,Nigeria Multiple Indicator Cluster Survey 2016-2017,Nigeria Multiple Indicator Cluster Survey 2016-2017,2016-09,2017-01,2015,POL1,Record or Recall,29,CRUDE,0-23 m,12-23 m,50.4,5535
NGA,Nigeria Multiple Indicator Cluster Survey 2016-2017,Nigeria Multiple Indicator Cluster Survey 2016-2017,2016-09,2017-01,2015,POL1,Recall,29,CRUDE,0-23 m,12-23 m,25,5535
NGA,Nigeria Multiple Indicator Cluster Survey 2016-2017,Nigeria Multiple Indicator Cluster Survey 2016-2017,2016-09,2017-01,2015,POL2,Record or Recall<12m,29,CRUDE,0-12 m,12-23 m,43,5535
NGA,Nigeria Multiple Indicator Cluster Survey 2016-2017,Nigeria Multiple Indicator Cluster Survey 2016-2017,2016-09,2017-01,2015,POL2,Record,29,CRUDE,0-23 m,12-23 m,23.3,5535
NGA,Nigeria Multiple Indicator Cluster Survey 2016-2017,Nigeria Multiple Indicator Cluster Survey 2016-2017,2016-09,2017-01,2015,POL2,Record or Recall,29,CRUDE,0-23 m,12-23 m,43.5,5535
NGA,Nigeria Multiple Indicator Cluster Survey 2016-2017,Nigeria Multiple Indicator Cluster Survey 2016-2017,2016-09,2017-01,2015,POL2,Recall,29,CRUDE,0-23 m,12-23 m,20.2,5535
NGA,Nigeria Multiple Indicator Cluster Survey 2016-2017,Nigeria Multiple Indicator Cluster Survey 2016-2017,2016-09,2017-01,2015,POL3,Record or Recall<12m,29,CRUDE,0-12 m,12-23 m,34,5535
NGA,Nigeria Multiple Indicator Cluster Survey 2016-2017,Nigeria Multiple Indicator Cluster Survey 2016-2017,2016-09,2017-01,2015,POL3,Record,29,CRUDE,0-23 m,12-23 m,21.4,5535
NGA,Nigeria Multiple Indicator Cluster Survey 2016-2017,Nigeria Multiple Indicator Cluster Survey 2016-2017,2016-09,2017-01,2015,POL3,Record or Recall,29,CRUDE,0-23 m,12-23 m,34.7,5535
NGA,Nigeria Multiple Indicator Cluster Survey 2016-2017,Nigeria Multiple Indicator Cluster Survey 2016-2017,2016-09,2017-01,2015,POL3,Recall,29,CRUDE,0-23 m,12-23 m,13.3,5535
NGA,Nigeria Multiple Indicator Cluster Survey 2016-2017,Nigeria Multiple Indicator Cluster Survey 2016-2017,2016-09,2017-01,2015,TT2+,Record or Recall,,CRUDE,,CBAW,47.7,11547
NGA,Nigeria Multiple Indicator Cluster Survey 2016-2017,Nigeria Multiple Indicator Cluster Survey 2016-2017,2016-09,2017-01,2015,YFV,Record or Recall<12m,29,CRUDE,0-12 m,12-23 m,36,5535
NGA,Nigeria Multiple Indicator Cluster Survey 2016-2017,Nigeria Multiple Indicator Cluster Survey 2016-2017,2016-09,2017-01,2015,YFV,Record,29,CRUDE,0-23 m,12-23 m,19.6,5535
NGA,Nigeria Multiple Indicator Cluster Survey 2016-2017,Nigeria Multiple Indicator Cluster Survey 2016-2017,2016-09,2017-01,2015,YFV,Record or Recall,29,CRUDE,0-23 m,12-23 m,39,5535
NGA,Nigeria Multiple Indicator Cluster Survey 2016-2017,Nigeria Multiple Indicator Cluster Survey 2016-2017,2016-09,2017-01,2015,YFV,Recall,29,CRUDE,0-23 m,12-23 m,19.3,5535
NGA,Nigeria Demographic and Health Survey 2018,Nigeria Demographic and Health Survey 2018,2018-08,2018-12,2016,BCG,Record or Recall<12m,,CRUDE,0-12 m,24-35 m,63.2,5835
NGA,Nigeria Demographic and Health Survey 2018,Nigeria Demographic and Health Survey 2018,2018-08,2018-12,2016,BCG,Record,,CRUDE,0-35 m,24-35 m,27.9,1715
NGA,Nigeria Demographic and Health Survey 2018,Nigeria Demographic and Health Survey 2018,2018-08,2018-12,2016,BCG,Record or Recall,,CRUDE,0-35 m,24-35 m,64.4,5835
NGA,Nigeria Demographic and Health Survey 2018,Nigeria Demographic and Health Survey 2018,2018-08,2018-12,2016,BCG,Recall,,CRUDE,0-35 m,24-35 m,36.5,4120
NGA,Nigeria Demographic and Health Survey 2018,Nigeria Demographic and Health Survey 2018,2018-08,2018-12,2016,DTP1,Record or Recall<12m,,CRUDE,0-12 m,24-35 m,60.4,5835
NGA,Nigeria Demographic and Health Survey 2018,Nigeria Demographic and Health Survey 2018,2018-08,2018-12,2016,DTP1,Record,,CRUDE,0-35 m,24-35 m,27.5,1715
NGA,Nigeria Demographic and Health Survey 2018,Nigeria Demographic and Health Survey 2018,2018-08,2018-12,2016,DTP1,Record or Recall,,CRUDE,0-35 m,24-35 m,61.8,5835
NGA,Nigeria Demographic and Health Survey 2018,Nigeria Demographic and Health Survey 2018,2018-08,2018-12,2016,DTP1,Recall,,CRUDE,0-35 m,24-35 m,34.3,4120
NGA,Nigeria Demographic and Health Survey 2018,Nigeria Demographic and Health Survey 2018,2018-08,2018-12,2016,DTP2,Record or Recall<12m,,CRUDE,0-12 m,24-35 m,52.3,5835
NGA,Nigeria Demographic and Health Survey 2018,Nigeria Demographic and Health Survey 2018,2018-08,2018-12,2016,DTP2,Record,,CRUDE,0-35 m,24-35 m,26.3,1715
NGA,Nigeria Demographic and Health Survey 2018,Nigeria Demographic and Health Survey 2018,2018-08,2018-12,2016,DTP2,Record or Recall,,CRUDE,0-35 m,24-35 m,54.2,5835
NGA,Nigeria Demographic and Health Survey 2018,Nigeria Demographic and Health Survey 2018,2018-08,2018-12,2016,DTP2,Recall,,CRUDE,0-35 m,24-35 m,28,4120
NGA,Nigeria Demographic and Health Survey 2018,Nigeria Demographic and Health Survey 2018,2018-08,2018-12,2016,DTP3,Record or Recall<12m,,CRUDE,0-12 m,24-35 m,45.4,5835
NGA,Nigeria Demographic and Health Survey 2018,Nigeria Demographic and Health Survey 2018,2018-08,2018-12,2016,DTP3,Record,,CRUDE,0-35 m,24-35 m,24.4,1715
NGA,Nigeria Demographic and Health Survey 2018,Nigeria Demographic and Health Survey 2018,2018-08,2018-12,2016,DTP3,Record or Recall,,CRUDE,0-35 m,24-35 m,47.5,5835
NGA,Nigeria Demographic and Health Survey 2018,Nigeria Demographic and Health Survey 2018,2018-08,2018-12,2016,DTP3,Recall,,CRUDE,0-35 m,24-35 m,23.2,4120
NGA,Nigeria Demographic and Health Survey 2018,Nigeria Demographic and Health Survey 2018,2018-08,2018-12,2016,FULL,Record or Recall<12m,,CRUDE,0-12 m,24-35 m,24.3,5835
NGA,Nigeria Demographic and Health Survey 2018,Nigeria Demographic and Health Survey 2018,2018-08,2018-12,2016,FULL,Record,,CRUDE,0-35 m,24-35 m,19.8,1715
NGA,Nigeria Demographic and Health Survey 2018,Nigeria Demographic and Health Survey 2018,2018-08,2018-12,2016,FULL,Record or Recall,,CRUDE,0-35 m,24-35 m,27.7,5835
NGA,Nigeria Demographic and Health Survey 2018,Nigeria Demographic and Health Survey 2018,2018-08,2018-12,2016,FULL,Recall,,CRUDE,0-35 m,24-35 m,7.9,4120
NGA,Nigeria Demographic and Health Survey 2018,Nigeria Demographic and Health Survey 2018,2018-08,2018-12,2016,FULL <1 YEAR,Record or Recall<12m,,CRUDE,0-12 m,24-35 m,4,5835
NGA,Nigeria Demographic and Health Survey 2018,Nigeria Demographic and Health Survey 2018,2018-08,2018-12,2016,FULL <1 YEAR,Record,,CRUDE,0-35 m,24-35 m,3.8,1715
NGA,Nigeria Demographic and Health Survey 2018,Nigeria Demographic and Health Survey 2018,2018-08,2018-12,2016,FULL <1 YEAR,Record or Recall,,CRUDE,0-35 m,24-35 m,4.7,5835
NGA,Nigeria Demographic and Health Survey 2018,Nigeria Demographic and Health Survey 2018,2018-08,2018-12,2016,FULL <1 YEAR,Recall,,CRUDE,0-35 m,24-35 m,0.9,4120
NGA,Nigeria Demographic and Health Survey 2018,Nigeria Demographic and Health Survey 2018,2018-08,2018-12,2016,HEPB1,Record or Recall<12m,,CRUDE,0-12 m,24-35 m,60.4,5835
NGA,Nigeria Demographic and Health Survey 2018,Nigeria Demographic and Health Survey 2018,2018-08,2018-12,2016,HEPB1,Record,,CRUDE,0-35 m,24-35 m,27.5,1715
NGA,Nigeria Demographic and Health Survey 2018,Nigeria Demographic and Health Survey 2018,2018-08,2018-12,2016,HEPB1,Record or Recall,,CRUDE,0-35 m,24-35 m,61.8,5835
NGA,Nigeria Demographic and Health Survey 2018,Nigeria Demographic and Health Survey 2018,2018-08,2018-12,2016,HEPB1,Recall,,CRUDE,0-35 m,24-35 m,34.3,4120
NGA,Nigeria Demographic and Health Survey 2018,Nigeria Demographic and Health Survey 2018,2018-08,2018-12,2016,HEPB2,Record or Recall<12m,,CRUDE,0-12 m,24-35 m,52.3,5835
NGA,Nigeria Demographic and Health Survey 2018,Nigeria Demographic and Health Survey 2018,2018-08,2018-12,2016,HEPB2,Record,,CRUDE,0-35 m,24-35 m,26.3,1715
NGA,Nigeria Demographic and Health Survey 2018,Nigeria Demographic and Health Survey 2018,2018-08,2018-12,2016,HEPB2,Record or Recall,,CRUDE,0-35 m,24-35 m,54.2,5835
NGA,Nigeria Demographic and Health Survey 2018,Nigeria Demographic and Health Survey 2018,2018-08,2018-12,2016,HEPB2,Recall,,CRUDE,0-35 m,24-35 m,28,4120
NGA,Nigeria Demographic and Health Survey 2018,Nigeria Demographic and Health Survey 2018,2018-08,2018-12,2016,HEPB3,Record or Recall<12m,,CRUDE,0-12 m,24-35 m,45.4,5835
NGA,Nigeria Demographic and Health Survey 2018,Nigeria Demographic and Health Survey 2018,2018-08,2018-12,2016,HEPB3,Record,,CRUDE,0-35 m,24-35 m,24.4,1715
NGA,Nigeria Demographic and Health Survey 2018,Nigeria Demographic and Health Survey 2018,2018-08,2018-12,2016,HEPB3,Record or Recall,,CRUDE,0-35 m,24-35 m,47.5,5835
NGA,Nigeria Demographic and Health Survey 2018,Nigeria Demographic and Health Survey 2018,2018-08,2018-12,2016,HEPB3,Recall,,CRUDE,0-35 m,24-35 m,23.2,4120
NGA,Nigeria Demographic and Health Survey 2018,Nigeria Demographic and Health Survey 2018,2018-08,2018-12,2016,HEPBB,Record or Recall<12m,,CRUDE,0-12 m,24-35 m,48.8,5835
NGA,Nigeria Demographic and Health Survey 2018,Nigeria Demographic and Health Survey 2018,2018-08,2018-12,2016,HEPBB,Record,,CRUDE,0-35 m,24-35 m,21.5,1715
NGA,Nigeria Demographic and Health Survey 2018,Nigeria Demographic and Health Survey 2018,2018-08,2018-12,2016,HEPBB,Record or Recall,,CRUDE,0-35 m,24-35 m,49.9,5835
NGA,Nigeria Demographic and Health Survey 2018,Nigeria Demographic and Health Survey 2018,2018-08,2018-12,2016,HEPBB,Recall,,CRUDE,0-35 m,24-35 m,28.5,4120
NGA,Nigeria Demographic and Health Survey 2018,Nigeria Demographic and Health Survey 2018,2018-08,2018-12,2016,HIB1,Record or Recall<12m,,CRUDE,0-12 m,24-35 m,60.4,5835
NGA,Nigeria Demographic and Health Survey 2018,Nigeria Demographic and Health Survey 2018,2018-08,2018-12,2016,HIB1,Record,,CRUDE,0-35 m,24-35 m,27.5,1715
NGA,Nigeria Demographic and Health Survey 2018,Nigeria Demographic and Health Survey 2018,2018-08,2018-12,2016,HIB1,Record or Recall,,CRUDE,0-35 m,24-35 m,61.8,5835
NGA,Nigeria Demographic and Health Survey 2018,Nigeria Demographic and Health Survey 2018,2018-08,2018-12,2016,HIB1,Recall,,CRUDE,0-35 m,24-35 m,34.3,4120
NGA,Nigeria Demographic and Health Survey 2018,Nigeria Demographic and Health Survey 2018,2018-08,2018-12,2016,HIB2,Record or Recall<12m,,CRUDE,0-12 m,24-35 m,52.3,5835
NGA,Nigeria Demographic and Health Survey 2018,Nigeria Demographic and Health Survey 2018,2018-08,2018-12,2016,HIB2,Record,,CRUDE,0-35 m,24-35 m,26.3,1715
NGA,Nigeria Demographic and Health Survey 2018,Nigeria Demographic and Health Survey 2018,2018-08,2018-12,2016,HIB2,Record or Recall,,CRUDE,0-35 m,24-35 m,54.2,5835
NGA,Nigeria Demographic and Health Survey 2018,Nigeria Demographic and Health Survey 2018,2018-08,2018-12,2016,HIB2,Recall,,CRUDE,0-35 m,24-35 m,28,4120
NGA,Nigeria Demographic and Health Survey 2018,Nigeria Demographic and Health Survey 2018,2018-08,2018-12,2016,HIB3,Record or Recall<12m,,CRUDE,0-12 m,24-35 m,45.4,5835
NGA,Nigeria Demographic and Health Survey 2018,Nigeria Demographic and Health Survey 2018,2018-08,2018-12,2016,HIB3,Record,,CRUDE,0-35 m,24-35 m,24.4,1715
NGA,Nigeria Demographic and Health Survey 2018,Nigeria Demographic and Health Survey 2018,2018-08,2018-12,2016,HIB3,Record or Recall,,CRUDE,0-35 m,24-35 m,47.5,5835
NGA,Nigeria Demographic and Health Survey 2018,Nigeria Demographic and Health Survey 2018,2018-08,2018-12,2016,HIB3,Recall,,CRUDE,0-35 m,24-35 m,23.2,4120
NGA,Nigeria Demographic and Health Survey 2018,Nigeria Demographic and Health Survey 2018,2018-08,2018-12,2016,IPV1,Record or Recall<12m,,CRUDE,0-12 m,24-35 m,49.1,5835
NGA,Nigeria Demographic and Health Survey 2018,Nigeria Demographic and Health Survey 2018,2018-08,2018-12,2016,IPV1,Record,,CRUDE,0-35 m,24-35 m,21.7,1715
NGA,Nigeria Demographic and Health Survey 2018,Nigeria Demographic and Health Survey 2018,2018-08,2018-12,2016,IPV1,Record or Recall,,CRUDE,0-35 m,24-35 m,52.3,5835
NGA,Nigeria Demographic and Health Survey 2018,Nigeria Demographic and Health Survey 2018,2018-08,2018-12,2016,IPV1,Recall,,CRUDE,0-35 m,24-35 m,30.7,4120
NGA,Nigeria Demographic and Health Survey 2018,Nigeria Demographic and Health Survey 2018,2018-08,2018-12,2016,MCV1,Record or Recall<12m,,CRUDE,0-12 m,24-35 m,49.2,5835
NGA,Nigeria Demographic and Health Survey 2018,Nigeria Demographic and Health Survey 2018,2018-08,2018-12,2016,MCV1,Record,,CRUDE,0-35 m,24-35 m,22.6,1715
NGA,Nigeria Demographic and Health Survey 2018,Nigeria Demographic and Health Survey 2018,2018-08,2018-12,2016,MCV1,Record or Recall,,CRUDE,0-35 m,24-35 m,57.7,5835
NGA,Nigeria Demographic and Health Survey 2018,Nigeria Demographic and Health Survey 2018,2018-08,2018-12,2016,MCV1,Recall,,CRUDE,0-35 m,24-35 m,35.1,4120
NGA,Nigeria Demographic and Health Survey 2018,Nigeria Demographic and Health Survey 2018,2018-08,2018-12,2016,PCV1,Record or Recall<12m,,CRUDE,0-12 m,24-35 m,56.3,5835
NGA,Nigeria Demographic and Health Survey 2018,Nigeria Demographic and Health Survey 2018,2018-08,2018-12,2016,PCV1,Record,,CRUDE,0-35 m,24-35 m,25.8,1715
NGA,Nigeria Demographic and Health Survey 2018,Nigeria Demographic and Health Survey 2018,2018-08,2018-12,2016,PCV1,Record or Recall,,CRUDE,0-35 m,24-35 m,57.8,5835
NGA,Nigeria Demographic and Health Survey 2018,Nigeria Demographic and Health Survey 2018,2018-08,2018-12,2016,PCV1,Recall,,CRUDE,0-35 m,24-35 m,32,4120
NGA,Nigeria Demographic and Health Survey 2018,Nigeria Demographic and Health Survey 2018,2018-08,2018-12,2016,PCV2,Record or Recall<12m,,CRUDE,0-12 m,24-35 m,48.3,5835
NGA,Nigeria Demographic and Health Survey 2018,Nigeria Demographic and Health Survey 2018,2018-08,2018-12,2016,PCV2,Record,,CRUDE,0-35 m,24-35 m,24,1715
NGA,Nigeria Demographic and Health Survey 2018,Nigeria Demographic and Health Survey 2018,2018-08,2018-12,2016,PCV2,Record or Recall,,CRUDE,0-35 m,24-35 m,50.3,5835
NGA,Nigeria Demographic and Health Survey 2018,Nigeria Demographic and Health Survey 2018,2018-08,2018-12,2016,PCV2,Recall,,CRUDE,0-35 m,24-35 m,26.3,4120
NGA,Nigeria Demographic and Health Survey 2018,Nigeria Demographic and Health Survey 2018,2018-08,2018-12,2016,PCV3,Record or Recall<12m,,CRUDE,0-12 m,24-35 m,41.1,5835
NGA,Nigeria Demographic and Health Survey 2018,Nigeria Demographic and Health Survey 2018,2018-08,2018-12,2016,PCV3,Record,,CRUDE,0-35 m,24-35 m,21.7,1715
NGA,Nigeria Demographic and Health Survey 2018,Nigeria Demographic and Health Survey 2018,2018-08,2018-12,2016,PCV3,Record or Recall,,CRUDE,0-35 m,24-35 m,43.5,5835
NGA,Nigeria Demographic and Health Survey 2018,Nigeria Demographic and Health Survey 2018,2018-08,2018-12,2016,PCV3,Recall,,CRUDE,0-35 m,24-35 m,21.8,4120
NGA,Nigeria Demographic and Health Survey 2018,Nigeria Demographic and Health Survey 2018,2018-08,2018-12,2016,POL0,Record or Recall<12m,,CRUDE,0-12 m,24-35 m,50.3,5835
NGA,Nigeria Demographic and Health Survey 2018,Nigeria Demographic and Health Survey 2018,2018-08,2018-12,2016,POL0,Record,,CRUDE,0-35 m,24-35 m,24.7,1715
NGA,Nigeria Demographic and Health Survey 2018,Nigeria Demographic and Health Survey 2018,2018-08,2018-12,2016,POL0,Record or Recall,,CRUDE,0-35 m,24-35 m,51.3,5835
NGA,Nigeria Demographic and Health Survey 2018,Nigeria Demographic and Health Survey 2018,2018-08,2018-12,2016,POL0,Recall,,CRUDE,0-35 m,24-35 m,26.6,4120
NGA,Nigeria Demographic and Health Survey 2018,Nigeria Demographic and Health Survey 2018,2018-08,2018-12,2016,POL1,Record or Recall<12m,,CRUDE,0-12 m,24-35 m,69.5,5835
NGA,Nigeria Demographic and Health Survey 2018,Nigeria Demographic and Health Survey 2018,2018-08,2018-12,2016,POL1,Record,,CRUDE,0-35 m,24-35 m,27.9,1715
NGA,Nigeria Demographic and Health Survey 2018,Nigeria Demographic and Health Survey 2018,2018-08,2018-12,2016,POL1,Record or Recall,,CRUDE,0-35 m,24-35 m,71.2,5835
NGA,Nigeria Demographic and Health Survey 2018,Nigeria Demographic and Health Survey 2018,2018-08,2018-12,2016,POL1,Recall,,CRUDE,0-35 m,24-35 m,43.3,4120
NGA,Nigeria Demographic and Health Survey 2018,Nigeria Demographic and Health Survey 2018,2018-08,2018-12,2016,POL2,Record or Recall<12m,,CRUDE,0-12 m,24-35 m,62.9,5835
NGA,Nigeria Demographic and Health Survey 2018,Nigeria Demographic and Health Survey 2018,2018-08,2018-12,2016,POL2,Record,,CRUDE,0-35 m,24-35 m,26.3,1715
NGA,Nigeria Demographic and Health Survey 2018,Nigeria Demographic and Health Survey 2018,2018-08,2018-12,2016,POL2,Record or Recall,,CRUDE,0-35 m,24-35 m,65.3,5835
NGA,Nigeria Demographic and Health Survey 2018,Nigeria Demographic and Health Survey 2018,2018-08,2018-12,2016,POL2,Recall,,CRUDE,0-35 m,24-35 m,38.9,4120
NGA,Nigeria Demographic and Health Survey 2018,Nigeria Demographic and Health Survey 2018,2018-08,2018-12,2016,POL3,Record or Recall<12m,,CRUDE,0-12 m,24-35 m,41.6,5835
NGA,Nigeria Demographic and Health Survey 2018,Nigeria Demographic and Health Survey 2018,2018-08,2018-12,2016,POL3,Record,,CRUDE,0-35 m,24-35 m,23.7,1715
NGA,Nigeria Demographic and Health Survey 2018,Nigeria Demographic and Health Survey 2018,2018-08,2018-12,2016,POL3,Record or Recall,,CRUDE,0-35 m,24-35 m,43.6,5835
NGA,Nigeria Demographic and Health Survey 2018,Nigeria Demographic and Health Survey 2018,2018-08,2018-12,2016,POL3,Recall,,CRUDE,0-35 m,24-35 m,19.9,4120
NGA,Nigeria Demographic and Health Survey 2018,Nigeria Demographic and Health Survey 2018,2018-08,2018-12,2017,BCG,Record or Recall<12m,40,CRUDE,0-12 m,12-23 m,66,6143
NGA,Nigeria Demographic and Health Survey 2018,Nigeria Demographic and Health Survey 2018,2018-08,2018-12,2017,BCG,Record,40,CRUDE,0-23 m,12-23 m,37.7,2459
NGA,Nigeria Demographic and Health Survey 2018,Nigeria Demographic and Health Survey 2018,2018-08,2018-12,2017,BCG,Record or Recall,40,CRUDE,0-23 m,12-23 m,66.7,6143
NGA,Nigeria Demographic and Health Survey 2018,Nigeria Demographic and Health Survey 2018,2018-08,2018-12,2017,BCG,Recall,40,CRUDE,0-23 m,12-23 m,28.9,3684
NGA,Nigeria Demographic and Health Survey 2018,Nigeria Demographic and Health Survey 2018,2018-08,2018-12,2017,DTP1,Record or Recall<12m,40,CRUDE,0-12 m,12-23 m,64.5,6143
NGA,Nigeria Demographic and Health Survey 2018,Nigeria Demographic and Health Survey 2018,2018-08,2018-12,2017,DTP1,Record,40,CRUDE,0-23 m,12-23 m,37.9,2459
NGA,Nigeria Demographic and Health Survey 2018,Nigeria Demographic and Health Survey 2018,2018-08,2018-12,2017,DTP1,Record or Recall,40,CRUDE,0-23 m,12-23 m,65.3,6143
NGA,Nigeria Demographic and Health Survey 2018,Nigeria Demographic and Health Survey 2018,2018-08,2018-12,2017,DTP1,Recall,40,CRUDE,0-23 m,12-23 m,27.4,3684
NGA,Nigeria Demographic and Health Survey 2018,Nigeria Demographic and Health Survey 2018,2018-08,2018-12,2017,DTP2,Record or Recall<12m,40,CRUDE,0-12 m,12-23 m,56.6,6143
NGA,Nigeria Demographic and Health Survey 2018,Nigeria Demographic and Health Survey 2018,2018-08,2018-12,2017,DTP2,Record,40,CRUDE,0-23 m,12-23 m,35.5,2459
NGA,Nigeria Demographic and Health Survey 2018,Nigeria Demographic and Health Survey 2018,2018-08,2018-12,2017,DTP2,Record or Recall,40,CRUDE,0-23 m,12-23 m,57.8,6143
NGA,Nigeria Demographic and Health Survey 2018,Nigeria Demographic and Health Survey 2018,2018-08,2018-12,2017,DTP2,Recall,40,CRUDE,0-23 m,12-23 m,22.4,3684
NGA,Nigeria Demographic and Health Survey 2018,Nigeria Demographic and Health Survey 2018,2018-08,2018-12,2017,DTP3,Record or Recall<12m,40,CRUDE,0-12 m,12-23 m,48.3,6143
NGA,Nigeria Demographic and Health Survey 2018,Nigeria Demographic and Health Survey 2018,2018-08,2018-12,2017,DTP3,Record,40,CRUDE,0-23 m,12-23 m,32.2,2459
NGA,Nigeria Demographic and Health Survey 2018,Nigeria Demographic and Health Survey 2018,2018-08,2018-12,2017,DTP3,Record or Recall,40,CRUDE,0-23 m,12-23 m,50.1,6143
NGA,Nigeria Demographic and Health Survey 2018,Nigeria Demographic and Health Survey 2018,2018-08,2018-12,2017,DTP3,Recall,40,CRUDE,0-23 m,12-23 m,17.8,3684
NGA,Nigeria Demographic and Health Survey 2018,Nigeria Demographic and Health Survey 2018,2018-08,2018-12,2017,FULL,Record or Recall<12m,40,CRUDE,0-12 m,12-23 m,28.3,6143
NGA,Nigeria Demographic and Health Survey 2018,Nigeria Demographic and Health Survey 2018,2018-08,2018-12,2017,FULL,Record,40,CRUDE,0-23 m,12-23 m,25.6,2459
NGA,Nigeria Demographic and Health Survey 2018,Nigeria Demographic and Health Survey 2018,2018-08,2018-12,2017,FULL,Record or Recall,40,CRUDE,0-23 m,12-23 m,31.3,6143
NGA,Nigeria Demographic and Health Survey 2018,Nigeria Demographic and Health Survey 2018,2018-08,2018-12,2017,FULL,Recall,40,CRUDE,0-23 m,12-23 m,5.7,3684
NGA,Nigeria Demographic and Health Survey 2018,Nigeria Demographic and Health Survey 2018,2018-08,2018-12,2017,FULL <1 YEAR,Record or Recall<12m,40,CRUDE,0-12 m,12-23 m,19.1,6143
NGA,Nigeria Demographic and Health Survey 2018,Nigeria Demographic and Health Survey 2018,2018-08,2018-12,2017,FULL <1 YEAR,Record,40,CRUDE,0-23 m,12-23 m,18.5,2459
NGA,Nigeria Demographic and Health Survey 2018,Nigeria Demographic and Health Survey 2018,2018-08,2018-12,2017,FULL <1 YEAR,Record or Recall,40,CRUDE,0-23 m,12-23 m,21,6143
NGA,Nigeria Demographic and Health Survey 2018,Nigeria Demographic and Health Survey 2018,2018-08,2018-12,2017,FULL <1 YEAR,Recall,40,CRUDE,0-23 m,12-23 m,2.5,3684
NGA,Nigeria Demographic and Health Survey 2018,Nigeria Demographic and Health Survey 2018,2018-08,2018-12,2017,HEPB1,Record or Recall<12m,40,CRUDE,0-12 m,12-23 m,64.5,6143
NGA,Nigeria Demographic and Health Survey 2018,Nigeria Demographic and Health Survey 2018,2018-08,2018-12,2017,HEPB1,Record,40,CRUDE,0-23 m,12-23 m,37.9,2459
NGA,Nigeria Demographic and Health Survey 2018,Nigeria Demographic and Health Survey 2018,2018-08,2018-12,2017,HEPB1,Record or Recall,40,CRUDE,0-23 m,12-23 m,65.3,6143
NGA,Nigeria Demographic and Health Survey 2018,Nigeria Demographic and Health Survey 2018,2018-08,2018-12,2017,HEPB1,Recall,40,CRUDE,0-23 m,12-23 m,27.4,3684
NGA,Nigeria Demographic and Health Survey 2018,Nigeria Demographic and Health Survey 2018,2018-08,2018-12,2017,HEPB2,Record or Recall<12m,40,CRUDE,0-12 m,12-23 m,56.6,6143
NGA,Nigeria Demographic and Health Survey 2018,Nigeria Demographic and Health Survey 2018,2018-08,2018-12,2017,HEPB2,Record,40,CRUDE,0-23 m,12-23 m,35.5,2459
NGA,Nigeria Demographic and Health Survey 2018,Nigeria Demographic and Health Survey 2018,2018-08,2018-12,2017,HEPB2,Record or Recall,40,CRUDE,0-23 m,12-23 m,57.8,6143
NGA,Nigeria Demographic and Health Survey 2018,Nigeria Demographic and Health Survey 2018,2018-08,2018-12,2017,HEPB2,Recall,40,CRUDE,0-23 m,12-23 m,22.4,3684
NGA,Nigeria Demographic and Health Survey 2018,Nigeria Demographic and Health Survey 2018,2018-08,2018-12,2017,HEPB3,Record or Recall<12m,40,CRUDE,0-12 m,12-23 m,48.3,6143
NGA,Nigeria Demographic and Health Survey 2018,Nigeria Demographic and Health Survey 2018,2018-08,2018-12,2017,HEPB3,Record,40,CRUDE,0-23 m,12-23 m,32.2,2459
NGA,Nigeria Demographic and Health Survey 2018,Nigeria Demographic and Health Survey 2018,2018-08,2018-12,2017,HEPB3,Record or Recall,40,CRUDE,0-23 m,12-23 m,50.1,6143
NGA,Nigeria Demographic and Health Survey 2018,Nigeria Demographic and Health Survey 2018,2018-08,2018-12,2017,HEPB3,Recall,40,CRUDE,0-23 m,12-23 m,17.8,3684
NGA,Nigeria Demographic and Health Survey 2018,Nigeria Demographic and Health Survey 2018,2018-08,2018-12,2017,HEPBB,Record or Recall<12m,40,CRUDE,0-12 m,12-23 m,52.2,6143
NGA,Nigeria Demographic and Health Survey 2018,Nigeria Demographic and Health Survey 2018,2018-08,2018-12,2017,HEPBB,Record,40,CRUDE,0-23 m,12-23 m,29.8,2459
NGA,Nigeria Demographic and Health Survey 2018,Nigeria Demographic and Health Survey 2018,2018-08,2018-12,2017,HEPBB,Record or Recall,40,CRUDE,0-23 m,12-23 m,52.4,6143
NGA,Nigeria Demographic and Health Survey 2018,Nigeria Demographic and Health Survey 2018,2018-08,2018-12,2017,HEPBB,Recall,40,CRUDE,0-23 m,12-23 m,22.6,3684
NGA,Nigeria Demographic and Health Survey 2018,Nigeria Demographic and Health Survey 2018,2018-08,2018-12,2017,HIB1,Record or Recall<12m,40,CRUDE,0-12 m,12-23 m,64.5,6143
NGA,Nigeria Demographic and Health Survey 2018,Nigeria Demographic and Health Survey 2018,2018-08,2018-12,2017,HIB1,Record,40,CRUDE,0-23 m,12-23 m,37.9,2459
NGA,Nigeria Demographic and Health Survey 2018,Nigeria Demographic and Health Survey 2018,2018-08,2018-12,2017,HIB1,Record or Recall,40,CRUDE,0-23 m,12-23 m,65.3,6143
NGA,Nigeria Demographic and Health Survey 2018,Nigeria Demographic and Health Survey 2018,2018-08,2018-12,2017,HIB1,Recall,40,CRUDE,0-23 m,12-23 m,27.4,3684
NGA,Nigeria Demographic and Health Survey 2018,Nigeria Demographic and Health Survey 2018,2018-08,2018-12,2017,HIB2,Record or Recall<12m,40,CRUDE,0-12 m,12-23 m,56.6,6143
NGA,Nigeria Demographic and Health Survey 2018,Nigeria Demographic and Health Survey 2018,2018-08,2018-12,2017,HIB2,Record,40,CRUDE,0-23 m,12-23 m,35.5,2459
NGA,Nigeria Demographic and Health Survey 2018,Nigeria Demographic and Health Survey 2018,2018-08,2018-12,2017,HIB2,Record or Recall,40,CRUDE,0-23 m,12-23 m,57.8,6143
NGA,Nigeria Demographic and Health Survey 2018,Nigeria Demographic and Health Survey 2018,2018-08,2018-12,2017,HIB2,Recall,40,CRUDE,0-23 m,12-23 m,22.4,3684
NGA,Nigeria Demographic and Health Survey 2018,Nigeria Demographic and Health Survey 2018,2018-08,2018-12,2017,HIB3,Record or Recall<12m,40,CRUDE,0-12 m,12-23 m,48.3,6143
NGA,Nigeria Demographic and Health Survey 2018,Nigeria Demographic and Health Survey 2018,2018-08,2018-12,2017,HIB3,Record,40,CRUDE,0-23 m,12-23 m,32.2,2459
NGA,Nigeria Demographic and Health Survey 2018,Nigeria Demographic and Health Survey 2018,2018-08,2018-12,2017,HIB3,Record or Recall,40,CRUDE,0-23 m,12-23 m,50.1,6143
NGA,Nigeria Demographic and Health Survey 2018,Nigeria Demographic and Health Survey 2018,2018-08,2018-12,2017,HIB3,Recall,40,CRUDE,0-23 m,12-23 m,17.8,3684
NGA,Nigeria Demographic and Health Survey 2018,Nigeria Demographic and Health Survey 2018,2018-08,2018-12,2017,IPV1,Record or Recall<12m,40,CRUDE,0-12 m,12-23 m,51,6143
NGA,Nigeria Demographic and Health Survey 2018,Nigeria Demographic and Health Survey 2018,2018-08,2018-12,2017,IPV1,Record,40,CRUDE,0-23 m,12-23 m,29.1,2459
NGA,Nigeria Demographic and Health Survey 2018,Nigeria Demographic and Health Survey 2018,2018-08,2018-12,2017,IPV1,Record or Recall,40,CRUDE,0-23 m,12-23 m,52.9,6143
NGA,Nigeria Demographic and Health Survey 2018,Nigeria Demographic and Health Survey 2018,2018-08,2018-12,2017,IPV1,Recall,40,CRUDE,0-23 m,12-23 m,23.7,3684
NGA,Nigeria Demographic and Health Survey 2018,Nigeria Demographic and Health Survey 2018,2018-08,2018-12,2017,MCV1,Record or Recall<12m,40,CRUDE,0-12 m,12-23 m,48.5,6143
NGA,Nigeria Demographic and Health Survey 2018,Nigeria Demographic and Health Survey 2018,2018-08,2018-12,2017,MCV1,Record,40,CRUDE,0-23 m,12-23 m,28.7,2459
NGA,Nigeria Demographic and Health Survey 2018,Nigeria Demographic and Health Survey 2018,2018-08,2018-12,2017,MCV1,Record or Recall,40,CRUDE,0-23 m,12-23 m,54,6143
NGA,Nigeria Demographic and Health Survey 2018,Nigeria Demographic and Health Survey 2018,2018-08,2018-12,2017,MCV1,Recall,40,CRUDE,0-23 m,12-23 m,25.3,3684
NGA,Nigeria Demographic and Health Survey 2018,Nigeria Demographic and Health Survey 2018,2018-08,2018-12,2017,PAB,Record or Recall,,CRUDE,,CBAW,61.7,21911
NGA,Nigeria Demographic and Health Survey 2018,Nigeria Demographic and Health Survey 2018,2018-08,2018-12,2017,PCV1,Record or Recall<12m,40,CRUDE,0-12 m,12-23 m,60.4,6143
NGA,Nigeria Demographic and Health Survey 2018,Nigeria Demographic and Health Survey 2018,2018-08,2018-12,2017,PCV1,Record,40,CRUDE,0-23 m,12-23 m,36.3,2459
NGA,Nigeria Demographic and Health Survey 2018,Nigeria Demographic and Health Survey 2018,2018-08,2018-12,2017,PCV1,Record or Recall,40,CRUDE,0-23 m,12-23 m,61.5,6143
NGA,Nigeria Demographic and Health Survey 2018,Nigeria Demographic and Health Survey 2018,2018-08,2018-12,2017,PCV1,Recall,40,CRUDE,0-23 m,12-23 m,25.1,3684
NGA,Nigeria Demographic and Health Survey 2018,Nigeria Demographic and Health Survey 2018,2018-08,2018-12,2017,PCV2,Record or Recall<12m,40,CRUDE,0-12 m,12-23 m,52.9,6143
NGA,Nigeria Demographic and Health Survey 2018,Nigeria Demographic and Health Survey 2018,2018-08,2018-12,2017,PCV2,Record,40,CRUDE,0-23 m,12-23 m,33.7,2459
NGA,Nigeria Demographic and Health Survey 2018,Nigeria Demographic and Health Survey 2018,2018-08,2018-12,2017,PCV2,Record or Recall,40,CRUDE,0-23 m,12-23 m,54.2,6143
NGA,Nigeria Demographic and Health Survey 2018,Nigeria Demographic and Health Survey 2018,2018-08,2018-12,2017,PCV2,Recall,40,CRUDE,0-23 m,12-23 m,20.5,3684
NGA,Nigeria Demographic and Health Survey 2018,Nigeria Demographic and Health Survey 2018,2018-08,2018-12,2017,PCV3,Record or Recall<12m,40,CRUDE,0-12 m,12-23 m,45.5,6143
NGA,Nigeria Demographic and Health Survey 2018,Nigeria Demographic and Health Survey 2018,2018-08,2018-12,2017,PCV3,Record,40,CRUDE,0-23 m,12-23 m,30.7,2459
NGA,Nigeria Demographic and Health Survey 2018,Nigeria Demographic and Health Survey 2018,2018-08,2018-12,2017,PCV3,Record or Recall,40,CRUDE,0-23 m,12-23 m,47.3,6143
NGA,Nigeria Demographic and Health Survey 2018,Nigeria Demographic and Health Survey 2018,2018-08,2018-12,2017,PCV3,Recall,40,CRUDE,0-23 m,12-23 m,16.7,3684
NGA,Nigeria Demographic and Health Survey 2018,Nigeria Demographic and Health Survey 2018,2018-08,2018-12,2017,POL0,Record or Recall<12m,40,CRUDE,0-12 m,12-23 m,54.3,6143
NGA,Nigeria Demographic and Health Survey 2018,Nigeria Demographic and Health Survey 2018,2018-08,2018-12,2017,POL0,Record,40,CRUDE,0-23 m,12-23 m,32.8,2459
NGA,Nigeria Demographic and Health Survey 2018,Nigeria Demographic and Health Survey 2018,2018-08,2018-12,2017,POL0,Record or Recall,40,CRUDE,0-23 m,12-23 m,54.5,6143
NGA,Nigeria Demographic and Health Survey 2018,Nigeria Demographic and Health Survey 2018,2018-08,2018-12,2017,POL0,Recall,40,CRUDE,0-23 m,12-23 m,21.7,3684
NGA,Nigeria Demographic and Health Survey 2018,Nigeria Demographic and Health Survey 2018,2018-08,2018-12,2017,POL1,Record or Recall<12m,40,CRUDE,0-12 m,12-23 m,72.7,6143
NGA,Nigeria Demographic and Health Survey 2018,Nigeria Demographic and Health Survey 2018,2018-08,2018-12,2017,POL1,Record,40,CRUDE,0-23 m,12-23 m,38.4,2459
NGA,Nigeria Demographic and Health Survey 2018,Nigeria Demographic and Health Survey 2018,2018-08,2018-12,2017,POL1,Record or Recall,40,CRUDE,0-23 m,12-23 m,73.6,6143
NGA,Nigeria Demographic and Health Survey 2018,Nigeria Demographic and Health Survey 2018,2018-08,2018-12,2017,POL1,Recall,40,CRUDE,0-23 m,12-23 m,35.2,3684
NGA,Nigeria Demographic and Health Survey 2018,Nigeria Demographic and Health Survey 2018,2018-08,2018-12,2017,POL2,Record or Recall<12m,40,CRUDE,0-12 m,12-23 m,65.4,6143
NGA,Nigeria Demographic and Health Survey 2018,Nigeria Demographic and Health Survey 2018,2018-08,2018-12,2017,POL2,Record,40,CRUDE,0-23 m,12-23 m,35.7,2459
NGA,Nigeria Demographic and Health Survey 2018,Nigeria Demographic and Health Survey 2018,2018-08,2018-12,2017,POL2,Record or Recall,40,CRUDE,0-23 m,12-23 m,66.7,6143
NGA,Nigeria Demographic and Health Survey 2018,Nigeria Demographic and Health Survey 2018,2018-08,2018-12,2017,POL2,Recall,40,CRUDE,0-23 m,12-23 m,31,3684
NGA,Nigeria Demographic and Health Survey 2018,Nigeria Demographic and Health Survey 2018,2018-08,2018-12,2017,POL3,Record or Recall<12m,40,CRUDE,0-12 m,12-23 m,45.6,6143
NGA,Nigeria Demographic and Health Survey 2018,Nigeria Demographic and Health Survey 2018,2018-08,2018-12,2017,POL3,Record,40,CRUDE,0-23 m,12-23 m,32.2,2459
NGA,Nigeria Demographic and Health Survey 2018,Nigeria Demographic and Health Survey 2018,2018-08,2018-12,2017,POL3,Record or Recall,40,CRUDE,0-23 m,12-23 m,47.2,6143
NGA,Nigeria Demographic and Health Survey 2018,Nigeria Demographic and Health Survey 2018,2018-08,2018-12,2017,POL3,Recall,40,CRUDE,0-23 m,12-23 m,15,3684
NGA,Nigeria Demographic and Health Survey 2018,Nigeria Demographic and Health Survey 2018,2018-08,2018-12,2017,TT2+,Record or Recall,,CRUDE,,CBAW,52.9,21911
NGA,Nigeria National Nutrition and Health Survey (NNHS) 2018,Nigeria National Nutrition and Health Survey (NNHS) 2018,2018-02,2018-05,2016,DTP1,Record or Recall,39.8,CRUDE,0-23 m,12-23 m,69.9,3976
NGA,Nigeria National Nutrition and Health Survey (NNHS) 2018,Nigeria National Nutrition and Health Survey (NNHS) 2018,2018-02,2018-05,2016,DTP2,Record or Recall,39.8,CRUDE,0-23 m,12-23 m,65.4,3976
NGA,Nigeria National Nutrition and Health Survey (NNHS) 2018,Nigeria National Nutrition and Health Survey (NNHS) 2018,2018-02,2018-05,2016,DTP3,Record or Recall,39.8,CRUDE,0-23 m,12-23 m,57.2,3976
NGA,Nigeria National Nutrition and Health Survey (NNHS) 2018,Nigeria National Nutrition and Health Survey (NNHS) 2018,2018-02,2018-05,2016,HEPB1,Record or Recall,39.8,CRUDE,0-23 m,12-23 m,69.9,3976
NGA,Nigeria National Nutrition and Health Survey (NNHS) 2018,Nigeria National Nutrition and Health Survey (NNHS) 2018,2018-02,2018-05,2016,HEPB2,Record or Recall,39.8,CRUDE,0-23 m,12-23 m,65.4,3976
NGA,Nigeria National Nutrition and Health Survey (NNHS) 2018,Nigeria National Nutrition and Health Survey (NNHS) 2018,2018-02,2018-05,2016,HEPB3,Record or Recall,39.8,CRUDE,0-23 m,12-23 m,57.2,3976
NGA,Nigeria National Nutrition and Health Survey (NNHS) 2018,Nigeria National Nutrition and Health Survey (NNHS) 2018,2018-02,2018-05,2016,HIB1,Record or Recall,39.8,CRUDE,0-23 m,12-23 m,69.9,3976
NGA,Nigeria National Nutrition and Health Survey (NNHS) 2018,Nigeria National Nutrition and Health Survey (NNHS) 2018,2018-02,2018-05,2016,HIB2,Record or Recall,39.8,CRUDE,0-23 m,12-23 m,65.4,3976
NGA,Nigeria National Nutrition and Health Survey (NNHS) 2018,Nigeria National Nutrition and Health Survey (NNHS) 2018,2018-02,2018-05,2016,HIB3,Record or Recall,39.8,CRUDE,0-23 m,12-23 m,57.2,3976
NGA,Nigeria National Nutrition and Health Survey (NNHS) 2018,Nigeria National Nutrition and Health Survey (NNHS) 2018,2018-02,2018-05,2016,MCV1,Record or Recall,39.8,CRUDE,0-23 m,12-23 m,64.7,3976
NGA,Nigeria Multiple Indicator Cluster Survey 2021,Nigeria Multiple Indicator Cluster Survey 2021,2021-09,2021-12,2019,BCG,Record or Recall<12m,,CRUDE,0-12 m,24-35 m,72.8,
NGA,Nigeria Multiple Indicator Cluster Survey 2021,Nigeria Multiple Indicator Cluster Survey 2021,2021-09,2021-12,2019,BCG,Record,,CRUDE,0-35 m,24-35 m,45.8,2877
NGA,Nigeria Multiple Indicator Cluster Survey 2021,Nigeria Multiple Indicator Cluster Survey 2021,2021-09,2021-12,2019,BCG,Record or Recall,,CRUDE,0-35 m,24-35 m,75.3,6100
NGA,Nigeria Multiple Indicator Cluster Survey 2021,Nigeria Multiple Indicator Cluster Survey 2021,2021-09,2021-12,2019,BCG,Recall,,CRUDE,0-35 m,24-35 m,29.4,3223
NGA,Nigeria Multiple Indicator Cluster Survey 2021,Nigeria Multiple Indicator Cluster Survey 2021,2021-09,2021-12,2019,DTP1,Record or Recall<12m,,CRUDE,0-12 m,24-35 m,68.5,
NGA,Nigeria Multiple Indicator Cluster Survey 2021,Nigeria Multiple Indicator Cluster Survey 2021,2021-09,2021-12,2019,DTP1,Record,,CRUDE,0-35 m,24-35 m,45.3,2877
NGA,Nigeria Multiple Indicator Cluster Survey 2021,Nigeria Multiple Indicator Cluster Survey 2021,2021-09,2021-12,2019,DTP1,Record or Recall,,CRUDE,0-35 m,24-35 m,72.3,6100
NGA,Nigeria Multiple Indicator Cluster Survey 2021,Nigeria Multiple Indicator Cluster Survey 2021,2021-09,2021-12,2019,DTP1,Recall,,CRUDE,0-35 m,24-35 m,27,3223
NGA,Nigeria Multiple Indicator Cluster Survey 2021,Nigeria Multiple Indicator Cluster Survey 2021,2021-09,2021-12,2019,DTP2,Record or Recall<12m,,CRUDE,0-12 m,24-35 m,62.8,
NGA,Nigeria Multiple Indicator Cluster Survey 2021,Nigeria Multiple Indicator Cluster Survey 2021,2021-09,2021-12,2019,DTP2,Record,,CRUDE,0-35 m,24-35 m,43.6,2877
NGA,Nigeria Multiple Indicator Cluster Survey 2021,Nigeria Multiple Indicator Cluster Survey 2021,2021-09,2021-12,2019,DTP2,Record or Recall,,CRUDE,0-35 m,24-35 m,66.8,6100
NGA,Nigeria Multiple Indicator Cluster Survey 2021,Nigeria Multiple Indicator Cluster Survey 2021,2021-09,2021-12,2019,DTP2,Recall,,CRUDE,0-35 m,24-35 m,23.1,3223
NGA,Nigeria Multiple Indicator Cluster Survey 2021,Nigeria Multiple Indicator Cluster Survey 2021,2021-09,2021-12,2019,DTP3,Record or Recall<12m,,CRUDE,0-12 m,24-35 m,54,
NGA,Nigeria Multiple Indicator Cluster Survey 2021,Nigeria Multiple Indicator Cluster Survey 2021,2021-09,2021-12,2019,DTP3,Record,,CRUDE,0-35 m,24-35 m,41.2,2877
NGA,Nigeria Multiple Indicator Cluster Survey 2021,Nigeria Multiple Indicator Cluster Survey 2021,2021-09,2021-12,2019,DTP3,Record or Recall,,CRUDE,0-35 m,24-35 m,57.9,6100
NGA,Nigeria Multiple Indicator Cluster Survey 2021,Nigeria Multiple Indicator Cluster Survey 2021,2021-09,2021-12,2019,DTP3,Recall,,CRUDE,0-35 m,24-35 m,16.6,3223
NGA,Nigeria Multiple Indicator Cluster Survey 2021,Nigeria Multiple Indicator Cluster Survey 2021,2021-09,2021-12,2019,FULL,Record or Recall<12m,,CRUDE,0-12 m,24-35 m,32.5,
NGA,Nigeria Multiple Indicator Cluster Survey 2021,Nigeria Multiple Indicator Cluster Survey 2021,2021-09,2021-12,2019,FULL,Record,,CRUDE,0-35 m,24-35 m,36.6,2877
NGA,Nigeria Multiple Indicator Cluster Survey 2021,Nigeria Multiple Indicator Cluster Survey 2021,2021-09,2021-12,2019,FULL,Record or Recall,,CRUDE,0-35 m,24-35 m,44,6100
NGA,Nigeria Multiple Indicator Cluster Survey 2021,Nigeria Multiple Indicator Cluster Survey 2021,2021-09,2021-12,2019,FULL,Recall,,CRUDE,0-35 m,24-35 m,5.5,3223
NGA,Nigeria Multiple Indicator Cluster Survey 2021,Nigeria Multiple Indicator Cluster Survey 2021,2021-09,2021-12,2019,HEPB1,Record or Recall<12m,,CRUDE,0-12 m,24-35 m,68.5,
NGA,Nigeria Multiple Indicator Cluster Survey 2021,Nigeria Multiple Indicator Cluster Survey 2021,2021-09,2021-12,2019,HEPB1,Record,,CRUDE,0-35 m,24-35 m,45.3,2877
NGA,Nigeria Multiple Indicator Cluster Survey 2021,Nigeria Multiple Indicator Cluster Survey 2021,2021-09,2021-12,2019,HEPB1,Record or Recall,,CRUDE,0-35 m,24-35 m,72.3,6100
NGA,Nigeria Multiple Indicator Cluster Survey 2021,Nigeria Multiple Indicator Cluster Survey 2021,2021-09,2021-12,2019,HEPB1,Recall,,CRUDE,0-35 m,24-35 m,27,3223
NGA,Nigeria Multiple Indicator Cluster Survey 2021,Nigeria Multiple Indicator Cluster Survey 2021,2021-09,2021-12,2019,HEPB2,Record or Recall<12m,,CRUDE,0-12 m,24-35 m,62.8,
NGA,Nigeria Multiple Indicator Cluster Survey 2021,Nigeria Multiple Indicator Cluster Survey 2021,2021-09,2021-12,2019,HEPB2,Record,,CRUDE,0-35 m,24-35 m,43.6,2877
NGA,Nigeria Multiple Indicator Cluster Survey 2021,Nigeria Multiple Indicator Cluster Survey 2021,2021-09,2021-12,2019,HEPB2,Record or Recall,,CRUDE,0-35 m,24-35 m,66.8,6100
NGA,Nigeria Multiple Indicator Cluster Survey 2021,Nigeria Multiple Indicator Cluster Survey 2021,2021-09,2021-12,2019,HEPB2,Recall,,CRUDE,0-35 m,24-35 m,23.1,3223
NGA,Nigeria Multiple Indicator Cluster Survey 2021,Nigeria Multiple Indicator Cluster Survey 2021,2021-09,2021-12,2019,HEPB3,Record or Recall<12m,,CRUDE,0-12 m,24-35 m,54,
NGA,Nigeria Multiple Indicator Cluster Survey 2021,Nigeria Multiple Indicator Cluster Survey 2021,2021-09,2021-12,2019,HEPB3,Record,,CRUDE,0-35 m,24-35 m,41.2,2877
NGA,Nigeria Multiple Indicator Cluster Survey 2021,Nigeria Multiple Indicator Cluster Survey 2021,2021-09,2021-12,2019,HEPB3,Record or Recall,,CRUDE,0-35 m,24-35 m,57.9,6100
NGA,Nigeria Multiple Indicator Cluster Survey 2021,Nigeria Multiple Indicator Cluster Survey 2021,2021-09,2021-12,2019,HEPB3,Recall,,CRUDE,0-35 m,24-35 m,16.6,3223
NGA,Nigeria Multiple Indicator Cluster Survey 2021,Nigeria Multiple Indicator Cluster Survey 2021,2021-09,2021-12,2019,HEPBB,Record,,CRUDE,0-35 m,24-35 m,41.5,2877
NGA,Nigeria Multiple Indicator Cluster Survey 2021,Nigeria Multiple Indicator Cluster Survey 2021,2021-09,2021-12,2019,HEPBB,Record or Recall,,CRUDE,0-35 m,24-35 m,67.9,6100
NGA,Nigeria Multiple Indicator Cluster Survey 2021,Nigeria Multiple Indicator Cluster Survey 2021,2021-09,2021-12,2019,HEPBB,Recall,,CRUDE,0-35 m,24-35 m,26.4,3223
NGA,Nigeria Multiple Indicator Cluster Survey 2021,Nigeria Multiple Indicator Cluster Survey 2021,2021-09,2021-12,2019,HIB1,Record or Recall<12m,,CRUDE,0-12 m,24-35 m,68.5,
NGA,Nigeria Multiple Indicator Cluster Survey 2021,Nigeria Multiple Indicator Cluster Survey 2021,2021-09,2021-12,2019,HIB1,Record,,CRUDE,0-35 m,24-35 m,45.3,2877
NGA,Nigeria Multiple Indicator Cluster Survey 2021,Nigeria Multiple Indicator Cluster Survey 2021,2021-09,2021-12,2019,HIB1,Record or Recall,,CRUDE,0-35 m,24-35 m,72.3,6100
NGA,Nigeria Multiple Indicator Cluster Survey 2021,Nigeria Multiple Indicator Cluster Survey 2021,2021-09,2021-12,2019,HIB1,Recall,,CRUDE,0-35 m,24-35 m,27,3223
NGA,Nigeria Multiple Indicator Cluster Survey 2021,Nigeria Multiple Indicator Cluster Survey 2021,2021-09,2021-12,2019,HIB2,Record or Recall<12m,,CRUDE,0-12 m,24-35 m,62.8,
NGA,Nigeria Multiple Indicator Cluster Survey 2021,Nigeria Multiple Indicator Cluster Survey 2021,2021-09,2021-12,2019,HIB2,Record,,CRUDE,0-35 m,24-35 m,43.6,2877
NGA,Nigeria Multiple Indicator Cluster Survey 2021,Nigeria Multiple Indicator Cluster Survey 2021,2021-09,2021-12,2019,HIB2,Record or Recall,,CRUDE,0-35 m,24-35 m,66.8,6100
NGA,Nigeria Multiple Indicator Cluster Survey 2021,Nigeria Multiple Indicator Cluster Survey 2021,2021-09,2021-12,2019,HIB2,Recall,,CRUDE,0-35 m,24-35 m,23.1,3223
NGA,Nigeria Multiple Indicator Cluster Survey 2021,Nigeria Multiple Indicator Cluster Survey 2021,2021-09,2021-12,2019,HIB3,Record or Recall<12m,,CRUDE,0-12 m,24-35 m,54,
NGA,Nigeria Multiple Indicator Cluster Survey 2021,Nigeria Multiple Indicator Cluster Survey 2021,2021-09,2021-12,2019,HIB3,Record,,CRUDE,0-35 m,24-35 m,41.2,2877
NGA,Nigeria Multiple Indicator Cluster Survey 2021,Nigeria Multiple Indicator Cluster Survey 2021,2021-09,2021-12,2019,HIB3,Record or Recall,,CRUDE,0-35 m,24-35 m,57.9,6100
NGA,Nigeria Multiple Indicator Cluster Survey 2021,Nigeria Multiple Indicator Cluster Survey 2021,2021-09,2021-12,2019,HIB3,Recall,,CRUDE,0-35 m,24-35 m,16.6,3223
NGA,Nigeria Multiple Indicator Cluster Survey 2021,Nigeria Multiple Indicator Cluster Survey 2021,2021-09,2021-12,2019,IPV1,Record or Recall<12m,,CRUDE,0-12 m,24-35 m,61.5,
NGA,Nigeria Multiple Indicator Cluster Survey 2021,Nigeria Multiple Indicator Cluster Survey 2021,2021-09,2021-12,2019,IPV1,Record,,CRUDE,0-35 m,24-35 m,39.3,2877
NGA,Nigeria Multiple Indicator Cluster Survey 2021,Nigeria Multiple Indicator Cluster Survey 2021,2021-09,2021-12,2019,IPV1,Record or Recall,,CRUDE,0-35 m,24-35 m,66.2,6100
NGA,Nigeria Multiple Indicator Cluster Survey 2021,Nigeria Multiple Indicator Cluster Survey 2021,2021-09,2021-12,2019,IPV1,Recall,,CRUDE,0-35 m,24-35 m,26.8,3223
NGA,Nigeria Multiple Indicator Cluster Survey 2021,Nigeria Multiple Indicator Cluster Survey 2021,2021-09,2021-12,2019,MCV1,Record or Recall<12m,,CRUDE,0-12 m,24-35 m,59.9,
NGA,Nigeria Multiple Indicator Cluster Survey 2021,Nigeria Multiple Indicator Cluster Survey 2021,2021-09,2021-12,2019,MCV1,Record,,CRUDE,0-35 m,24-35 m,37.8,2877
NGA,Nigeria Multiple Indicator Cluster Survey 2021,Nigeria Multiple Indicator Cluster Survey 2021,2021-09,2021-12,2019,MCV1,Record or Recall,,CRUDE,0-35 m,24-35 m,73.2,6100
NGA,Nigeria Multiple Indicator Cluster Survey 2021,Nigeria Multiple Indicator Cluster Survey 2021,2021-09,2021-12,2019,MCV1,Recall,,CRUDE,0-35 m,24-35 m,35.5,3223
NGA,Nigeria Multiple Indicator Cluster Survey 2021,Nigeria Multiple Indicator Cluster Survey 2021,2021-09,2021-12,2019,MENGA,Record or Recall<12m,,CRUDE,0-12 m,24-35 m,55.2,
NGA,Nigeria Multiple Indicator Cluster Survey 2021,Nigeria Multiple Indicator Cluster Survey 2021,2021-09,2021-12,2019,MENGA,Record,,CRUDE,0-35 m,24-35 m,32.3,2877
NGA,Nigeria Multiple Indicator Cluster Survey 2021,Nigeria Multiple Indicator Cluster Survey 2021,2021-09,2021-12,2019,MENGA,Record or Recall,,CRUDE,0-35 m,24-35 m,68.4,6100
NGA,Nigeria Multiple Indicator Cluster Survey 2021,Nigeria Multiple Indicator Cluster Survey 2021,2021-09,2021-12,2019,MENGA,Recall,,CRUDE,0-35 m,24-35 m,36.1,3223
NGA,Nigeria Multiple Indicator Cluster Survey 2021,Nigeria Multiple Indicator Cluster Survey 2021,2021-09,2021-12,2019,PCV1,Record or Recall<12m,,CRUDE,0-12 m,24-35 m,66.3,
NGA,Nigeria Multiple Indicator Cluster Survey 2021,Nigeria Multiple Indicator Cluster Survey 2021,2021-09,2021-12,2019,PCV1,Record,,CRUDE,0-35 m,24-35 m,45.3,2877
NGA,Nigeria Multiple Indicator Cluster Survey 2021,Nigeria Multiple Indicator Cluster Survey 2021,2021-09,2021-12,2019,PCV1,Record or Recall,,CRUDE,0-35 m,24-35 m,70.1,6100
NGA,Nigeria Multiple Indicator Cluster Survey 2021,Nigeria Multiple Indicator Cluster Survey 2021,2021-09,2021-12,2019,PCV1,Recall,,CRUDE,0-35 m,24-35 m,24.8,3223
NGA,Nigeria Multiple Indicator Cluster Survey 2021,Nigeria Multiple Indicator Cluster Survey 2021,2021-09,2021-12,2019,PCV2,Record or Recall<12m,,CRUDE,0-12 m,24-35 m,59.9,
NGA,Nigeria Multiple Indicator Cluster Survey 2021,Nigeria Multiple Indicator Cluster Survey 2021,2021-09,2021-12,2019,PCV2,Record,,CRUDE,0-35 m,24-35 m,43.5,2877
NGA,Nigeria Multiple Indicator Cluster Survey 2021,Nigeria Multiple Indicator Cluster Survey 2021,2021-09,2021-12,2019,PCV2,Record or Recall,,CRUDE,0-35 m,24-35 m,63.7,6100
NGA,Nigeria Multiple Indicator Cluster Survey 2021,Nigeria Multiple Indicator Cluster Survey 2021,2021-09,2021-12,2019,PCV2,Recall,,CRUDE,0-35 m,24-35 m,20.2,3223
NGA,Nigeria Multiple Indicator Cluster Survey 2021,Nigeria Multiple Indicator Cluster Survey 2021,2021-09,2021-12,2019,PCV3,Record or Recall<12m,,CRUDE,0-12 m,24-35 m,50.4,
NGA,Nigeria Multiple Indicator Cluster Survey 2021,Nigeria Multiple Indicator Cluster Survey 2021,2021-09,2021-12,2019,PCV3,Record,,CRUDE,0-35 m,24-35 m,41.3,2877
NGA,Nigeria Multiple Indicator Cluster Survey 2021,Nigeria Multiple Indicator Cluster Survey 2021,2021-09,2021-12,2019,PCV3,Record or Recall,,CRUDE,0-35 m,24-35 m,54.1,6100
NGA,Nigeria Multiple Indicator Cluster Survey 2021,Nigeria Multiple Indicator Cluster Survey 2021,2021-09,2021-12,2019,PCV3,Recall,,CRUDE,0-35 m,24-35 m,12.8,3223
NGA,Nigeria Multiple Indicator Cluster Survey 2021,Nigeria Multiple Indicator Cluster Survey 2021,2021-09,2021-12,2019,POL0,Record or Recall<12m,,CRUDE,0-12 m,24-35 m,68.3,
NGA,Nigeria Multiple Indicator Cluster Survey 2021,Nigeria Multiple Indicator Cluster Survey 2021,2021-09,2021-12,2019,POL0,Record,,CRUDE,0-35 m,24-35 m,43.5,2877
NGA,Nigeria Multiple Indicator Cluster Survey 2021,Nigeria Multiple Indicator Cluster Survey 2021,2021-09,2021-12,2019,POL0,Record or Recall,,CRUDE,0-35 m,24-35 m,70.4,6100
NGA,Nigeria Multiple Indicator Cluster Survey 2021,Nigeria Multiple Indicator Cluster Survey 2021,2021-09,2021-12,2019,POL0,Recall,,CRUDE,0-35 m,24-35 m,26.8,3223
NGA,Nigeria Multiple Indicator Cluster Survey 2021,Nigeria Multiple Indicator Cluster Survey 2021,2021-09,2021-12,2019,POL1,Record or Recall<12m,,CRUDE,0-12 m,24-35 m,77.5,
NGA,Nigeria Multiple Indicator Cluster Survey 2021,Nigeria Multiple Indicator Cluster Survey 2021,2021-09,2021-12,2019,POL1,Record,,CRUDE,0-35 m,24-35 m,45.4,2877
NGA,Nigeria Multiple Indicator Cluster Survey 2021,Nigeria Multiple Indicator Cluster Survey 2021,2021-09,2021-12,2019,POL1,Record or Recall,,CRUDE,0-35 m,24-35 m,83.3,6100
NGA,Nigeria Multiple Indicator Cluster Survey 2021,Nigeria Multiple Indicator Cluster Survey 2021,2021-09,2021-12,2019,POL1,Recall,,CRUDE,0-35 m,24-35 m,37.9,3223
NGA,Nigeria Multiple Indicator Cluster Survey 2021,Nigeria Multiple Indicator Cluster Survey 2021,2021-09,2021-12,2019,POL2,Record or Recall<12m,,CRUDE,0-12 m,24-35 m,65,
NGA,Nigeria Multiple Indicator Cluster Survey 2021,Nigeria Multiple Indicator Cluster Survey 2021,2021-09,2021-12,2019,POL2,Record,,CRUDE,0-35 m,24-35 m,43.6,2877
NGA,Nigeria Multiple Indicator Cluster Survey 2021,Nigeria Multiple Indicator Cluster Survey 2021,2021-09,2021-12,2019,POL2,Record or Recall,,CRUDE,0-35 m,24-35 m,70.2,6100
NGA,Nigeria Multiple Indicator Cluster Survey 2021,Nigeria Multiple Indicator Cluster Survey 2021,2021-09,2021-12,2019,POL2,Recall,,CRUDE,0-35 m,24-35 m,26.6,3223
NGA,Nigeria Multiple Indicator Cluster Survey 2021,Nigeria Multiple Indicator Cluster Survey 2021,2021-09,2021-12,2019,POL3,Record or Recall<12m,,CRUDE,0-12 m,24-35 m,51.1,
NGA,Nigeria Multiple Indicator Cluster Survey 2021,Nigeria Multiple Indicator Cluster Survey 2021,2021-09,2021-12,2019,POL3,Record,,CRUDE,0-35 m,24-35 m,41.5,2877
NGA,Nigeria Multiple Indicator Cluster Survey 2021,Nigeria Multiple Indicator Cluster Survey 2021,2021-09,2021-12,2019,POL3,Record or Recall,,CRUDE,0-35 m,24-35 m,55.1,6100
NGA,Nigeria Multiple Indicator Cluster Survey 2021,Nigeria Multiple Indicator Cluster Survey 2021,2021-09,2021-12,2019,POL3,Recall,,CRUDE,0-35 m,24-35 m,13.6,3223
NGA,Nigeria Multiple Indicator Cluster Survey 2021,Nigeria Multiple Indicator Cluster Survey 2021,2021-09,2021-12,2019,Pol3+IPV1,Record or Recall<12m,,CRUDE,0-12 m,24-35 m,46.3,
NGA,Nigeria Multiple Indicator Cluster Survey 2021,Nigeria Multiple Indicator Cluster Survey 2021,2021-09,2021-12,2019,Pol3+IPV1,Record,,CRUDE,0-35 m,24-35 m,39.1,2877
NGA,Nigeria Multiple Indicator Cluster Survey 2021,Nigeria Multiple Indicator Cluster Survey 2021,2021-09,2021-12,2019,Pol3+IPV1,Record or Recall,,CRUDE,0-35 m,24-35 m,46.9,6100
NGA,Nigeria Multiple Indicator Cluster Survey 2021,Nigeria Multiple Indicator Cluster Survey 2021,2021-09,2021-12,2019,Pol3+IPV1,Recall,,CRUDE,0-35 m,24-35 m,7.9,3223
NGA,Nigeria Multiple Indicator Cluster Survey 2021,Nigeria Multiple Indicator Cluster Survey 2021,2021-09,2021-12,2019,YFV,Record or Recall<12m,,CRUDE,0-12 m,24-35 m,61,
NGA,Nigeria Multiple Indicator Cluster Survey 2021,Nigeria Multiple Indicator Cluster Survey 2021,2021-09,2021-12,2019,YFV,Record,,CRUDE,0-35 m,24-35 m,36.9,2877
NGA,Nigeria Multiple Indicator Cluster Survey 2021,Nigeria Multiple Indicator Cluster Survey 2021,2021-09,2021-12,2019,YFV,Record or Recall,,CRUDE,0-35 m,24-35 m,72.9,6100
NGA,Nigeria Multiple Indicator Cluster Survey 2021,Nigeria Multiple Indicator Cluster Survey 2021,2021-09,2021-12,2019,YFV,Recall,,CRUDE,0-35 m,24-35 m,36,3223
NGA,Nigeria Multiple Indicator Cluster Survey 2021,Nigeria Multiple Indicator Cluster Survey 2021,2021-09,2021-12,2020,BCG,Record or Recall<12m,56,CRUDE,0-12 m,12-23 m,73.2,
NGA,Nigeria Multiple Indicator Cluster Survey 2021,Nigeria Multiple Indicator Cluster Survey 2021,2021-09,2021-12,2020,BCG,Record,56,CRUDE,0-23 m,12-23 m,55.1,3163
NGA,Nigeria Multiple Indicator Cluster Survey 2021,Nigeria Multiple Indicator Cluster Survey 2021,2021-09,2021-12,2020,BCG,Record or Recall,56,CRUDE,0-23 m,12-23 m,74.1,5652
NGA,Nigeria Multiple Indicator Cluster Survey 2021,Nigeria Multiple Indicator Cluster Survey 2021,2021-09,2021-12,2020,BCG,Recall,56,CRUDE,0-23 m,12-23 m,18.9,2489
NGA,Nigeria Multiple Indicator Cluster Survey 2021,Nigeria Multiple Indicator Cluster Survey 2021,2021-09,2021-12,2020,DTP1,Record or Recall<12m,56,CRUDE,0-12 m,12-23 m,68,
NGA,Nigeria Multiple Indicator Cluster Survey 2021,Nigeria Multiple Indicator Cluster Survey 2021,2021-09,2021-12,2020,DTP1,Record,56,CRUDE,0-23 m,12-23 m,53.4,3163
NGA,Nigeria Multiple Indicator Cluster Survey 2021,Nigeria Multiple Indicator Cluster Survey 2021,2021-09,2021-12,2020,DTP1,Record or Recall,56,CRUDE,0-23 m,12-23 m,70.3,5652
NGA,Nigeria Multiple Indicator Cluster Survey 2021,Nigeria Multiple Indicator Cluster Survey 2021,2021-09,2021-12,2020,DTP1,Recall,56,CRUDE,0-23 m,12-23 m,16.9,2489
NGA,Nigeria Multiple Indicator Cluster Survey 2021,Nigeria Multiple Indicator Cluster Survey 2021,2021-09,2021-12,2020,DTP2,Record or Recall<12m,56,CRUDE,0-12 m,12-23 m,61.7,
NGA,Nigeria Multiple Indicator Cluster Survey 2021,Nigeria Multiple Indicator Cluster Survey 2021,2021-09,2021-12,2020,DTP2,Record,56,CRUDE,0-23 m,12-23 m,50.6,3163
NGA,Nigeria Multiple Indicator Cluster Survey 2021,Nigeria Multiple Indicator Cluster Survey 2021,2021-09,2021-12,2020,DTP2,Record or Recall,56,CRUDE,0-23 m,12-23 m,64.6,5652
NGA,Nigeria Multiple Indicator Cluster Survey 2021,Nigeria Multiple Indicator Cluster Survey 2021,2021-09,2021-12,2020,DTP2,Recall,56,CRUDE,0-23 m,12-23 m,14,2489
NGA,Nigeria Multiple Indicator Cluster Survey 2021,Nigeria Multiple Indicator Cluster Survey 2021,2021-09,2021-12,2020,DTP3,Record or Recall<12m,56,CRUDE,0-12 m,12-23 m,54.3,
NGA,Nigeria Multiple Indicator Cluster Survey 2021,Nigeria Multiple Indicator Cluster Survey 2021,2021-09,2021-12,2020,DTP3,Record,56,CRUDE,0-23 m,12-23 m,47.4,3163
NGA,Nigeria Multiple Indicator Cluster Survey 2021,Nigeria Multiple Indicator Cluster Survey 2021,2021-09,2021-12,2020,DTP3,Record or Recall,56,CRUDE,0-23 m,12-23 m,56.6,5652
NGA,Nigeria Multiple Indicator Cluster Survey 2021,Nigeria Multiple Indicator Cluster Survey 2021,2021-09,2021-12,2020,DTP3,Recall,56,CRUDE,0-23 m,12-23 m,9.2,2489
NGA,Nigeria Multiple Indicator Cluster Survey 2021,Nigeria Multiple Indicator Cluster Survey 2021,2021-09,2021-12,2020,FULL,Record or Recall<12m,56,CRUDE,0-12 m,12-23 m,36.2,
NGA,Nigeria Multiple Indicator Cluster Survey 2021,Nigeria Multiple Indicator Cluster Survey 2021,2021-09,2021-12,2020,FULL,Record,56,CRUDE,0-23 m,12-23 m,40.5,3163
NGA,Nigeria Multiple Indicator Cluster Survey 2021,Nigeria Multiple Indicator Cluster Survey 2021,2021-09,2021-12,2020,FULL,Record or Recall,56,CRUDE,0-23 m,12-23 m,44.2,5652
NGA,Nigeria Multiple Indicator Cluster Survey 2021,Nigeria Multiple Indicator Cluster Survey 2021,2021-09,2021-12,2020,FULL,Recall,56,CRUDE,0-23 m,12-23 m,2.6,2489
NGA,Nigeria Multiple Indicator Cluster Survey 2021,Nigeria Multiple Indicator Cluster Survey 2021,2021-09,2021-12,2020,HEPB1,Record or Recall<12m,56,CRUDE,0-12 m,12-23 m,68,
NGA,Nigeria Multiple Indicator Cluster Survey 2021,Nigeria Multiple Indicator Cluster Survey 2021,2021-09,2021-12,2020,HEPB1,Record,56,CRUDE,0-23 m,12-23 m,53.4,3163
NGA,Nigeria Multiple Indicator Cluster Survey 2021,Nigeria Multiple Indicator Cluster Survey 2021,2021-09,2021-12,2020,HEPB1,Record or Recall,56,CRUDE,0-23 m,12-23 m,70.3,5652
NGA,Nigeria Multiple Indicator Cluster Survey 2021,Nigeria Multiple Indicator Cluster Survey 2021,2021-09,2021-12,2020,HEPB1,Recall,56,CRUDE,0-23 m,12-23 m,16.9,2489
NGA,Nigeria Multiple Indicator Cluster Survey 2021,Nigeria Multiple Indicator Cluster Survey 2021,2021-09,2021-12,2020,HEPB2,Record or Recall<12m,56,CRUDE,0-12 m,12-23 m,61.7,
NGA,Nigeria Multiple Indicator Cluster Survey 2021,Nigeria Multiple Indicator Cluster Survey 2021,2021-09,2021-12,2020,HEPB2,Record,56,CRUDE,0-23 m,12-23 m,50.6,3163
NGA,Nigeria Multiple Indicator Cluster Survey 2021,Nigeria Multiple Indicator Cluster Survey 2021,2021-09,2021-12,2020,HEPB2,Record or Recall,56,CRUDE,0-23 m,12-23 m,64.6,5652
NGA,Nigeria Multiple Indicator Cluster Survey 2021,Nigeria Multiple Indicator Cluster Survey 2021,2021-09,2021-12,2020,HEPB2,Recall,56,CRUDE,0-23 m,12-23 m,14,2489
NGA,Nigeria Multiple Indicator Cluster Survey 2021,Nigeria Multiple Indicator Cluster Survey 2021,2021-09,2021-12,2020,HEPB3,Record or Recall<12m,56,CRUDE,0-12 m,12-23 m,54.3,
NGA,Nigeria Multiple Indicator Cluster Survey 2021,Nigeria Multiple Indicator Cluster Survey 2021,2021-09,2021-12,2020,HEPB3,Record,56,CRUDE,0-23 m,12-23 m,47.4,3163
NGA,Nigeria Multiple Indicator Cluster Survey 2021,Nigeria Multiple Indicator Cluster Survey 2021,2021-09,2021-12,2020,HEPB3,Record or Recall,56,CRUDE,0-23 m,12-23 m,56.6,5652
NGA,Nigeria Multiple Indicator Cluster Survey 2021,Nigeria Multiple Indicator Cluster Survey 2021,2021-09,2021-12,2020,HEPB3,Recall,56,CRUDE,0-23 m,12-23 m,9.2,2489
NGA,Nigeria Multiple Indicator Cluster Survey 2021,Nigeria Multiple Indicator Cluster Survey 2021,2021-09,2021-12,2020,HEPBB,Record,56,CRUDE,0-23 m,12-23 m,49.9,3163
NGA,Nigeria Multiple Indicator Cluster Survey 2021,Nigeria Multiple Indicator Cluster Survey 2021,2021-09,2021-12,2020,HEPBB,Record or Recall,56,CRUDE,0-23 m,12-23 m,67.2,5652
NGA,Nigeria Multiple Indicator Cluster Survey 2021,Nigeria Multiple Indicator Cluster Survey 2021,2021-09,2021-12,2020,HEPBB,Recall,56,CRUDE,0-23 m,12-23 m,17.3,2489
NGA,Nigeria Multiple Indicator Cluster Survey 2021,Nigeria Multiple Indicator Cluster Survey 2021,2021-09,2021-12,2020,HIB1,Record or Recall<12m,56,CRUDE,0-12 m,12-23 m,68,
NGA,Nigeria Multiple Indicator Cluster Survey 2021,Nigeria Multiple Indicator Cluster Survey 2021,2021-09,2021-12,2020,HIB1,Record,56,CRUDE,0-23 m,12-23 m,53.4,3163
NGA,Nigeria Multiple Indicator Cluster Survey 2021,Nigeria Multiple Indicator Cluster Survey 2021,2021-09,2021-12,2020,HIB1,Record or Recall,56,CRUDE,0-23 m,12-23 m,70.3,5652
NGA,Nigeria Multiple Indicator Cluster Survey 2021,Nigeria Multiple Indicator Cluster Survey 2021,2021-09,2021-12,2020,HIB1,Recall,56,CRUDE,0-23 m,12-23 m,16.9,2489
NGA,Nigeria Multiple Indicator Cluster Survey 2021,Nigeria Multiple Indicator Cluster Survey 2021,2021-09,2021-12,2020,HIB2,Record or Recall<12m,56,CRUDE,0-12 m,12-23 m,61.7,
NGA,Nigeria Multiple Indicator Cluster Survey 2021,Nigeria Multiple Indicator Cluster Survey 2021,2021-09,2021-12,2020,HIB2,Record,56,CRUDE,0-23 m,12-23 m,50.6,3163
NGA,Nigeria Multiple Indicator Cluster Survey 2021,Nigeria Multiple Indicator Cluster Survey 2021,2021-09,2021-12,2020,HIB2,Record or Recall,56,CRUDE,0-23 m,12-23 m,64.6,5652
NGA,Nigeria Multiple Indicator Cluster Survey 2021,Nigeria Multiple Indicator Cluster Survey 2021,2021-09,2021-12,2020,HIB2,Recall,56,CRUDE,0-23 m,12-23 m,14,2489
NGA,Nigeria Multiple Indicator Cluster Survey 2021,Nigeria Multiple Indicator Cluster Survey 2021,2021-09,2021-12,2020,HIB3,Record or Recall<12m,56,CRUDE,0-12 m,12-23 m,54.3,
NGA,Nigeria Multiple Indicator Cluster Survey 2021,Nigeria Multiple Indicator Cluster Survey 2021,2021-09,2021-12,2020,HIB3,Record,56,CRUDE,0-23 m,12-23 m,47.4,3163
NGA,Nigeria Multiple Indicator Cluster Survey 2021,Nigeria Multiple Indicator Cluster Survey 2021,2021-09,2021-12,2020,HIB3,Record or Recall,56,CRUDE,0-23 m,12-23 m,56.6,5652
NGA,Nigeria Multiple Indicator Cluster Survey 2021,Nigeria Multiple Indicator Cluster Survey 2021,2021-09,2021-12,2020,HIB3,Recall,56,CRUDE,0-23 m,12-23 m,9.2,2489
NGA,Nigeria Multiple Indicator Cluster Survey 2021,Nigeria Multiple Indicator Cluster Survey 2021,2021-09,2021-12,2020,IPV1,Record or Recall<12m,56,CRUDE,0-12 m,12-23 m,60.6,
NGA,Nigeria Multiple Indicator Cluster Survey 2021,Nigeria Multiple Indicator Cluster Survey 2021,2021-09,2021-12,2020,IPV1,Record,56,CRUDE,0-23 m,12-23 m,44.7,3163
NGA,Nigeria Multiple Indicator Cluster Survey 2021,Nigeria Multiple Indicator Cluster Survey 2021,2021-09,2021-12,2020,IPV1,Record or Recall,56,CRUDE,0-23 m,12-23 m,62.2,5652
NGA,Nigeria Multiple Indicator Cluster Survey 2021,Nigeria Multiple Indicator Cluster Survey 2021,2021-09,2021-12,2020,IPV1,Recall,56,CRUDE,0-23 m,12-23 m,17.5,2489
NGA,Nigeria Multiple Indicator Cluster Survey 2021,Nigeria Multiple Indicator Cluster Survey 2021,2021-09,2021-12,2020,MCV1,Record or Recall<12m,56,CRUDE,0-12 m,12-23 m,54,
NGA,Nigeria Multiple Indicator Cluster Survey 2021,Nigeria Multiple Indicator Cluster Survey 2021,2021-09,2021-12,2020,MCV1,Record,56,CRUDE,0-23 m,12-23 m,41.6,3163
NGA,Nigeria Multiple Indicator Cluster Survey 2021,Nigeria Multiple Indicator Cluster Survey 2021,2021-09,2021-12,2020,MCV1,Record or Recall,56,CRUDE,0-23 m,12-23 m,60.3,5652
NGA,Nigeria Multiple Indicator Cluster Survey 2021,Nigeria Multiple Indicator Cluster Survey 2021,2021-09,2021-12,2020,MCV1,Recall,56,CRUDE,0-23 m,12-23 m,18.8,2489
NGA,Nigeria Multiple Indicator Cluster Survey 2021,Nigeria Multiple Indicator Cluster Survey 2021,2021-09,2021-12,2020,MCV2,Record or Recall<12m,,CRUDE,0-12 m,24-35 m,4.1,
NGA,Nigeria Multiple Indicator Cluster Survey 2021,Nigeria Multiple Indicator Cluster Survey 2021,2021-09,2021-12,2020,MCV2,Record,,CRUDE,0-35 m,24-35 m,18.6,2877
NGA,Nigeria Multiple Indicator Cluster Survey 2021,Nigeria Multiple Indicator Cluster Survey 2021,2021-09,2021-12,2020,MCV2,Record or Recall,,CRUDE,0-35 m,24-35 m,37.5,6100
NGA,Nigeria Multiple Indicator Cluster Survey 2021,Nigeria Multiple Indicator Cluster Survey 2021,2021-09,2021-12,2020,MCV2,Recall,,CRUDE,0-35 m,24-35 m,18.9,3223
NGA,Nigeria Multiple Indicator Cluster Survey 2021,Nigeria Multiple Indicator Cluster Survey 2021,2021-09,2021-12,2020,MENGA,Record or Recall<12m,56,CRUDE,0-12 m,12-23 m,49.3,
NGA,Nigeria Multiple Indicator Cluster Survey 2021,Nigeria Multiple Indicator Cluster Survey 2021,2021-09,2021-12,2020,MENGA,Record,56,CRUDE,0-23 m,12-23 m,37.5,3163
NGA,Nigeria Multiple Indicator Cluster Survey 2021,Nigeria Multiple Indicator Cluster Survey 2021,2021-09,2021-12,2020,MENGA,Record or Recall,56,CRUDE,0-23 m,12-23 m,54.9,5652
NGA,Nigeria Multiple Indicator Cluster Survey 2021,Nigeria Multiple Indicator Cluster Survey 2021,2021-09,2021-12,2020,MENGA,Recall,56,CRUDE,0-23 m,12-23 m,17.4,2489
NGA,Nigeria Multiple Indicator Cluster Survey 2021,Nigeria Multiple Indicator Cluster Survey 2021,2021-09,2021-12,2020,PAB,Record or Recall,,CRUDE,,CBAW,70.2,9813
NGA,Nigeria Multiple Indicator Cluster Survey 2021,Nigeria Multiple Indicator Cluster Survey 2021,2021-09,2021-12,2020,PCV1,Record or Recall<12m,56,CRUDE,0-12 m,12-23 m,67.2,
NGA,Nigeria Multiple Indicator Cluster Survey 2021,Nigeria Multiple Indicator Cluster Survey 2021,2021-09,2021-12,2020,PCV1,Record,56,CRUDE,0-23 m,12-23 m,53.5,3163
NGA,Nigeria Multiple Indicator Cluster Survey 2021,Nigeria Multiple Indicator Cluster Survey 2021,2021-09,2021-12,2020,PCV1,Record or Recall,56,CRUDE,0-23 m,12-23 m,69.1,5652
NGA,Nigeria Multiple Indicator Cluster Survey 2021,Nigeria Multiple Indicator Cluster Survey 2021,2021-09,2021-12,2020,PCV1,Recall,56,CRUDE,0-23 m,12-23 m,15.6,2489
NGA,Nigeria Multiple Indicator Cluster Survey 2021,Nigeria Multiple Indicator Cluster Survey 2021,2021-09,2021-12,2020,PCV2,Record or Recall<12m,56,CRUDE,0-12 m,12-23 m,59.9,
NGA,Nigeria Multiple Indicator Cluster Survey 2021,Nigeria Multiple Indicator Cluster Survey 2021,2021-09,2021-12,2020,PCV2,Record,56,CRUDE,0-23 m,12-23 m,50.6,3163
NGA,Nigeria Multiple Indicator Cluster Survey 2021,Nigeria Multiple Indicator Cluster Survey 2021,2021-09,2021-12,2020,PCV2,Record or Recall,56,CRUDE,0-23 m,12-23 m,62.6,5652
NGA,Nigeria Multiple Indicator Cluster Survey 2021,Nigeria Multiple Indicator Cluster Survey 2021,2021-09,2021-12,2020,PCV2,Recall,56,CRUDE,0-23 m,12-23 m,12,2489
NGA,Nigeria Multiple Indicator Cluster Survey 2021,Nigeria Multiple Indicator Cluster Survey 2021,2021-09,2021-12,2020,PCV3,Record or Recall<12m,56,CRUDE,0-12 m,12-23 m,52.8,
NGA,Nigeria Multiple Indicator Cluster Survey 2021,Nigeria Multiple Indicator Cluster Survey 2021,2021-09,2021-12,2020,PCV3,Record,56,CRUDE,0-23 m,12-23 m,47.4,3163
NGA,Nigeria Multiple Indicator Cluster Survey 2021,Nigeria Multiple Indicator Cluster Survey 2021,2021-09,2021-12,2020,PCV3,Record or Recall,56,CRUDE,0-23 m,12-23 m,54.7,5652
NGA,Nigeria Multiple Indicator Cluster Survey 2021,Nigeria Multiple Indicator Cluster Survey 2021,2021-09,2021-12,2020,PCV3,Recall,56,CRUDE,0-23 m,12-23 m,7.3,2489
NGA,Nigeria Multiple Indicator Cluster Survey 2021,Nigeria Multiple Indicator Cluster Survey 2021,2021-09,2021-12,2020,POL0,Record or Recall<12m,56,CRUDE,0-12 m,12-23 m,69.3,
NGA,Nigeria Multiple Indicator Cluster Survey 2021,Nigeria Multiple Indicator Cluster Survey 2021,2021-09,2021-12,2020,POL0,Record,56,CRUDE,0-23 m,12-23 m,52.3,3163
NGA,Nigeria Multiple Indicator Cluster Survey 2021,Nigeria Multiple Indicator Cluster Survey 2021,2021-09,2021-12,2020,POL0,Record or Recall,56,CRUDE,0-23 m,12-23 m,70.2,5652
NGA,Nigeria Multiple Indicator Cluster Survey 2021,Nigeria Multiple Indicator Cluster Survey 2021,2021-09,2021-12,2020,POL0,Recall,56,CRUDE,0-23 m,12-23 m,17.9,2489
NGA,Nigeria Multiple Indicator Cluster Survey 2021,Nigeria Multiple Indicator Cluster Survey 2021,2021-09,2021-12,2020,POL1,Record or Recall<12m,56,CRUDE,0-12 m,12-23 m,75,
NGA,Nigeria Multiple Indicator Cluster Survey 2021,Nigeria Multiple Indicator Cluster Survey 2021,2021-09,2021-12,2020,POL1,Record,56,CRUDE,0-23 m,12-23 m,53.6,3163
NGA,Nigeria Multiple Indicator Cluster Survey 2021,Nigeria Multiple Indicator Cluster Survey 2021,2021-09,2021-12,2020,POL1,Record or Recall,56,CRUDE,0-23 m,12-23 m,78,5652
NGA,Nigeria Multiple Indicator Cluster Survey 2021,Nigeria Multiple Indicator Cluster Survey 2021,2021-09,2021-12,2020,POL1,Recall,56,CRUDE,0-23 m,12-23 m,24.4,2489
NGA,Nigeria Multiple Indicator Cluster Survey 2021,Nigeria Multiple Indicator Cluster Survey 2021,2021-09,2021-12,2020,POL2,Record or Recall<12m,56,CRUDE,0-12 m,12-23 m,64.4,
NGA,Nigeria Multiple Indicator Cluster Survey 2021,Nigeria Multiple Indicator Cluster Survey 2021,2021-09,2021-12,2020,POL2,Record,56,CRUDE,0-23 m,12-23 m,50.7,3163
NGA,Nigeria Multiple Indicator Cluster Survey 2021,Nigeria Multiple Indicator Cluster Survey 2021,2021-09,2021-12,2020,POL2,Record or Recall,56,CRUDE,0-23 m,12-23 m,68.4,5652
NGA,Nigeria Multiple Indicator Cluster Survey 2021,Nigeria Multiple Indicator Cluster Survey 2021,2021-09,2021-12,2020,POL2,Recall,56,CRUDE,0-23 m,12-23 m,17.7,2489
NGA,Nigeria Multiple Indicator Cluster Survey 2021,Nigeria Multiple Indicator Cluster Survey 2021,2021-09,2021-12,2020,POL3,Record or Recall<12m,56,CRUDE,0-12 m,12-23 m,53.8,
NGA,Nigeria Multiple Indicator Cluster Survey 2021,Nigeria Multiple Indicator Cluster Survey 2021,2021-09,2021-12,2020,POL3,Record,56,CRUDE,0-23 m,12-23 m,47.7,3163
NGA,Nigeria Multiple Indicator Cluster Survey 2021,Nigeria Multiple Indicator Cluster Survey 2021,2021-09,2021-12,2020,POL3,Record or Recall,56,CRUDE,0-23 m,12-23 m,56.2,5652
NGA,Nigeria Multiple Indicator Cluster Survey 2021,Nigeria Multiple Indicator Cluster Survey 2021,2021-09,2021-12,2020,POL3,Recall,56,CRUDE,0-23 m,12-23 m,8.5,2489
NGA,Nigeria Multiple Indicator Cluster Survey 2021,Nigeria Multiple Indicator Cluster Survey 2021,2021-09,2021-12,2020,Pol3+IPV1,Record or Recall<12m,56,CRUDE,0-12 m,12-23 m,50.9,
NGA,Nigeria Multiple Indicator Cluster Survey 2021,Nigeria Multiple Indicator Cluster Survey 2021,2021-09,2021-12,2020,Pol3+IPV1,Record,56,CRUDE,0-23 m,12-23 m,44.5,3163
NGA,Nigeria Multiple Indicator Cluster Survey 2021,Nigeria Multiple Indicator Cluster Survey 2021,2021-09,2021-12,2020,Pol3+IPV1,Record or Recall,56,CRUDE,0-23 m,12-23 m,48.8,5652
NGA,Nigeria Multiple Indicator Cluster Survey 2021,Nigeria Multiple Indicator Cluster Survey 2021,2021-09,2021-12,2020,Pol3+IPV1,Recall,56,CRUDE,0-23 m,12-23 m,4.3,2489
NGA,Nigeria Multiple Indicator Cluster Survey 2021,Nigeria Multiple Indicator Cluster Survey 2021,2021-09,2021-12,2020,TT2+,Record or Recall,,CRUDE,,CBAW,60.8,9813
NGA,Nigeria Multiple Indicator Cluster Survey 2021,Nigeria Multiple Indicator Cluster Survey 2021,2021-09,2021-12,2020,TT3,Record or Recall,,CRUDE,,CBAW,8.2,9813
NGA,Nigeria Multiple Indicator Cluster Survey 2021,Nigeria Multiple Indicator Cluster Survey 2021,2021-09,2021-12,2020,TTT5,Record or Recall,,CRUDE,,CBAW,0.6,9813
NGA,Nigeria Multiple Indicator Cluster Survey 2021,Nigeria Multiple Indicator Cluster Survey 2021,2021-09,2021-12,2020,TTTT10,Record or Recall,,CRUDE,,CBAW,0.4,9813
NGA,Nigeria Multiple Indicator Cluster Survey 2021,Nigeria Multiple Indicator Cluster Survey 2021,2021-09,2021-12,2020,TTTTT+,Record or Recall,,CRUDE,,CBAW,0.1,9813
NGA,Nigeria Multiple Indicator Cluster Survey 2021,Nigeria Multiple Indicator Cluster Survey 2021,2021-09,2021-12,2020,YFV,Record or Recall<12m,56,CRUDE,0-12 m,12-23 m,53.9,
NGA,Nigeria Multiple Indicator Cluster Survey 2021,Nigeria Multiple Indicator Cluster Survey 2021,2021-09,2021-12,2020,YFV,Record,56,CRUDE,0-23 m,12-23 m,40.8,3163
NGA,Nigeria Multiple Indicator Cluster Survey 2021,Nigeria Multiple Indicator Cluster Survey 2021,2021-09,2021-12,2020,YFV,Record or Recall,56,CRUDE,0-23 m,12-23 m,58.9,5652
NGA,Nigeria Multiple Indicator Cluster Survey 2021,Nigeria Multiple Indicator Cluster Survey 2021,2021-09,2021-12,2020,YFV,Recall,56,CRUDE,0-23 m,12-23 m,18.1,2489
